base	case	rep	artifact	secret	class	form	count
fixture	alias	none	diff	reg-secret@1	ref	exact	2
fixture	alias	none	support	base:bootstraptoken1	base	exact	1
fixture	alias	none	support	base:key4	base	exact	1
fixture	alias	none	support	base:key5	base	exact	1
fixture	alias	none	support	base:key6	base	exact	1
fixture	alias	none	support	base:key7	base	exact	1
fixture	alias	none	support	base:key8	base	exact	1
fixture	alias	none	support	base:secret0	base	exact	1
fixture	alias	none	support	base:secretboxencryptionsecret2	base	exact	1
fixture	alias	none	support	base:token3	base	exact	1
fixture	alias	none	support	reg-secret@1	ref	exact	3
fixture	alias	resolution-path	support	base:bootstraptoken1	base	exact	1
fixture	alias	resolution-path	support	base:key4	base	exact	1
fixture	alias	resolution-path	support	base:key5	base	exact	1
fixture	alias	resolution-path	support	base:key6	base	exact	1
fixture	alias	resolution-path	support	base:key7	base	exact	1
fixture	alias	resolution-path	support	base:key8	base	exact	1
fixture	alias	resolution-path	support	base:secret0	base	exact	1
fixture	alias	resolution-path	support	base:secretboxencryptionsecret2	base	exact	1
fixture	alias	resolution-path	support	base:token3	base	exact	1
fixture	alias	composed-path	support	base:bootstraptoken1	base	exact	1
fixture	alias	composed-path	support	base:key4	base	exact	1
fixture	alias	composed-path	support	base:key5	base	exact	1
fixture	alias	composed-path	support	base:key6	base	exact	1
fixture	alias	composed-path	support	base:key7	base	exact	1
fixture	alias	composed-path	support	base:key8	base	exact	1
fixture	alias	composed-path	support	base:secret0	base	exact	1
fixture	alias	composed-path	support	base:secretboxencryptionsecret2	base	exact	1
fixture	alias	composed-path	support	base:token3	base	exact	1
fixture	bool	none	diff	wipe@1	ref	keyed	1
fixture	bool	none	support	base:bootstraptoken1	base	exact	1
fixture	bool	none	support	base:key4	base	exact	1
fixture	bool	none	support	base:key5	base	exact	1
fixture	bool	none	support	base:key6	base	exact	1
fixture	bool	none	support	base:key7	base	exact	1
fixture	bool	none	support	base:key8	base	exact	1
fixture	bool	none	support	base:secret0	base	exact	1
fixture	bool	none	support	base:secretboxencryptionsecret2	base	exact	1
fixture	bool	none	support	base:token3	base	exact	1
fixture	bool	none	support	wipe@1	ref	keyed	2
fixture	bool	value	diff	wipe@1	ref	keyed	1
fixture	bool	value	support	wipe@1	ref	keyed	2
fixture	bool	resolution-path	support	base:bootstraptoken1	base	exact	1
fixture	bool	resolution-path	support	base:key4	base	exact	1
fixture	bool	resolution-path	support	base:key5	base	exact	1
fixture	bool	resolution-path	support	base:key6	base	exact	1
fixture	bool	resolution-path	support	base:key7	base	exact	1
fixture	bool	resolution-path	support	base:key8	base	exact	1
fixture	bool	resolution-path	support	base:secret0	base	exact	1
fixture	bool	resolution-path	support	base:secretboxencryptionsecret2	base	exact	1
fixture	bool	resolution-path	support	base:token3	base	exact	1
fixture	bool	schema	diff	wipe@1	ref	keyed	1
fixture	bool	schema	support	wipe@1	ref	keyed	2
fixture	bool	composed-path	support	base:bootstraptoken1	base	exact	1
fixture	bool	composed-path	support	base:key4	base	exact	1
fixture	bool	composed-path	support	base:key5	base	exact	1
fixture	bool	composed-path	support	base:key6	base	exact	1
fixture	bool	composed-path	support	base:key7	base	exact	1
fixture	bool	composed-path	support	base:key8	base	exact	1
fixture	bool	composed-path	support	base:secret0	base	exact	1
fixture	bool	composed-path	support	base:secretboxencryptionsecret2	base	exact	1
fixture	bool	composed-path	support	base:token3	base	exact	1
fixture	bytes	none	diff	base:key8	base	exact	1
fixture	bytes	none	diff	extra-ca@1	ref	placed	1
fixture	bytes	none	support	base:bootstraptoken1	base	exact	1
fixture	bytes	none	support	base:key4	base	exact	1
fixture	bytes	none	support	base:key5	base	exact	1
fixture	bytes	none	support	base:key6	base	exact	1
fixture	bytes	none	support	base:key7	base	exact	1
fixture	bytes	none	support	base:key8	base	exact	1
fixture	bytes	none	support	base:secret0	base	exact	1
fixture	bytes	none	support	base:secretboxencryptionsecret2	base	exact	1
fixture	bytes	none	support	base:token3	base	exact	1
fixture	bytes	none	support	extra-ca@1	ref	placed	2
fixture	bytes	value	diff	extra-ca@1	ref	placed	1
fixture	bytes	value	support	extra-ca@1	ref	placed	2
fixture	bytes	resolution-path	diff	base:key8	base	exact	1
fixture	bytes	resolution-path	support	base:bootstraptoken1	base	exact	1
fixture	bytes	resolution-path	support	base:key4	base	exact	1
fixture	bytes	resolution-path	support	base:key5	base	exact	1
fixture	bytes	resolution-path	support	base:key6	base	exact	1
fixture	bytes	resolution-path	support	base:key7	base	exact	1
fixture	bytes	resolution-path	support	base:key8	base	exact	1
fixture	bytes	resolution-path	support	base:secret0	base	exact	1
fixture	bytes	resolution-path	support	base:secretboxencryptionsecret2	base	exact	1
fixture	bytes	resolution-path	support	base:token3	base	exact	1
fixture	bytes	schema	diff	extra-ca@1	ref	placed	1
fixture	bytes	schema	support	extra-ca@1	ref	placed	2
fixture	bytes	composed-path	diff	base:key8	base	exact	1
fixture	bytes	composed-path	support	base:bootstraptoken1	base	exact	1
fixture	bytes	composed-path	support	base:key4	base	exact	1
fixture	bytes	composed-path	support	base:key5	base	exact	1
fixture	bytes	composed-path	support	base:key6	base	exact	1
fixture	bytes	composed-path	support	base:key7	base	exact	1
fixture	bytes	composed-path	support	base:key8	base	exact	1
fixture	bytes	composed-path	support	base:secret0	base	exact	1
fixture	bytes	composed-path	support	base:secretboxencryptionsecret2	base	exact	1
fixture	bytes	composed-path	support	base:token3	base	exact	1
fixture	collision	none	diff	reg-pass@1	ref	exact	1
fixture	collision	none	support	base:bootstraptoken1	base	exact	1
fixture	collision	none	support	base:key4	base	exact	1
fixture	collision	none	support	base:key5	base	exact	1
fixture	collision	none	support	base:key6	base	exact	1
fixture	collision	none	support	base:key7	base	exact	1
fixture	collision	none	support	base:key8	base	exact	1
fixture	collision	none	support	base:secret0	base	exact	1
fixture	collision	none	support	base:secretboxencryptionsecret2	base	exact	1
fixture	collision	none	support	base:token3	base	exact	1
fixture	collision	none	support	reg-pass@1	ref	exact	2
fixture	collision	resolution-path	support	base:bootstraptoken1	base	exact	1
fixture	collision	resolution-path	support	base:key4	base	exact	1
fixture	collision	resolution-path	support	base:key5	base	exact	1
fixture	collision	resolution-path	support	base:key6	base	exact	1
fixture	collision	resolution-path	support	base:key7	base	exact	1
fixture	collision	resolution-path	support	base:key8	base	exact	1
fixture	collision	resolution-path	support	base:secret0	base	exact	1
fixture	collision	resolution-path	support	base:secretboxencryptionsecret2	base	exact	1
fixture	collision	resolution-path	support	base:token3	base	exact	1
fixture	collision	composed-path	support	base:bootstraptoken1	base	exact	1
fixture	collision	composed-path	support	base:key4	base	exact	1
fixture	collision	composed-path	support	base:key5	base	exact	1
fixture	collision	composed-path	support	base:key6	base	exact	1
fixture	collision	composed-path	support	base:key7	base	exact	1
fixture	collision	composed-path	support	base:key8	base	exact	1
fixture	collision	composed-path	support	base:secret0	base	exact	1
fixture	collision	composed-path	support	base:secretboxencryptionsecret2	base	exact	1
fixture	collision	composed-path	support	base:token3	base	exact	1
fixture	delete	none	support	base:bootstraptoken1	base	exact	1
fixture	delete	none	support	base:key4	base	exact	1
fixture	delete	none	support	base:key5	base	exact	1
fixture	delete	none	support	base:key6	base	exact	1
fixture	delete	none	support	base:key7	base	exact	1
fixture	delete	none	support	base:key8	base	exact	1
fixture	delete	none	support	base:secret0	base	exact	1
fixture	delete	none	support	base:secretboxencryptionsecret2	base	exact	1
fixture	delete	none	support	base:token3	base	exact	1
fixture	delete	none	support	reg-pass@1	ref	exact	1
fixture	delete	resolution-path	support	base:bootstraptoken1	base	exact	1
fixture	delete	resolution-path	support	base:key4	base	exact	1
fixture	delete	resolution-path	support	base:key5	base	exact	1
fixture	delete	resolution-path	support	base:key6	base	exact	1
fixture	delete	resolution-path	support	base:key7	base	exact	1
fixture	delete	resolution-path	support	base:key8	base	exact	1
fixture	delete	resolution-path	support	base:secret0	base	exact	1
fixture	delete	resolution-path	support	base:secretboxencryptionsecret2	base	exact	1
fixture	delete	resolution-path	support	base:token3	base	exact	1
fixture	delete	composed-path	support	base:bootstraptoken1	base	exact	1
fixture	delete	composed-path	support	base:key4	base	exact	1
fixture	delete	composed-path	support	base:key5	base	exact	1
fixture	delete	composed-path	support	base:key6	base	exact	1
fixture	delete	composed-path	support	base:key7	base	exact	1
fixture	delete	composed-path	support	base:key8	base	exact	1
fixture	delete	composed-path	support	base:secret0	base	exact	1
fixture	delete	composed-path	support	base:secretboxencryptionsecret2	base	exact	1
fixture	delete	composed-path	support	base:token3	base	exact	1
fixture	document	none	diff	roots@1	ref	exact	1
fixture	document	none	support	base:bootstraptoken1	base	exact	1
fixture	document	none	support	base:key4	base	exact	1
fixture	document	none	support	base:key5	base	exact	1
fixture	document	none	support	base:key6	base	exact	1
fixture	document	none	support	base:key7	base	exact	1
fixture	document	none	support	base:key8	base	exact	1
fixture	document	none	support	base:secret0	base	exact	1
fixture	document	none	support	base:secretboxencryptionsecret2	base	exact	1
fixture	document	none	support	base:token3	base	exact	1
fixture	document	none	support	roots@1	ref	exact	2
fixture	document	resolution-path	support	base:bootstraptoken1	base	exact	1
fixture	document	resolution-path	support	base:key4	base	exact	1
fixture	document	resolution-path	support	base:key5	base	exact	1
fixture	document	resolution-path	support	base:key6	base	exact	1
fixture	document	resolution-path	support	base:key7	base	exact	1
fixture	document	resolution-path	support	base:key8	base	exact	1
fixture	document	resolution-path	support	base:secret0	base	exact	1
fixture	document	resolution-path	support	base:secretboxencryptionsecret2	base	exact	1
fixture	document	resolution-path	support	base:token3	base	exact	1
fixture	document	schema	diff	roots@1	ref	exact	1
fixture	document	schema	support	roots@1	ref	exact	2
fixture	document	composed-path	support	base:bootstraptoken1	base	exact	1
fixture	document	composed-path	support	base:key4	base	exact	1
fixture	document	composed-path	support	base:key5	base	exact	1
fixture	document	composed-path	support	base:key6	base	exact	1
fixture	document	composed-path	support	base:key7	base	exact	1
fixture	document	composed-path	support	base:key8	base	exact	1
fixture	document	composed-path	support	base:secret0	base	exact	1
fixture	document	composed-path	support	base:secretboxencryptionsecret2	base	exact	1
fixture	document	composed-path	support	base:token3	base	exact	1
fixture	duplicate-literal	none	diff	base:secret0	base	exact	1
fixture	duplicate-literal	none	diff	reg-pass@1	ref	exact	2
fixture	duplicate-literal	none	support	base:bootstraptoken1	base	exact	1
fixture	duplicate-literal	none	support	base:key4	base	exact	1
fixture	duplicate-literal	none	support	base:key5	base	exact	1
fixture	duplicate-literal	none	support	base:key6	base	exact	1
fixture	duplicate-literal	none	support	base:key7	base	exact	1
fixture	duplicate-literal	none	support	base:key8	base	exact	1
fixture	duplicate-literal	none	support	base:secret0	base	exact	1
fixture	duplicate-literal	none	support	base:secretboxencryptionsecret2	base	exact	1
fixture	duplicate-literal	none	support	base:token3	base	exact	1
fixture	duplicate-literal	none	support	reg-pass@1	ref	exact	4
fixture	duplicate-literal	resolution-path	diff	base:secret0	base	exact	1
fixture	duplicate-literal	resolution-path	diff	reg-pass@1	ref	exact	1
fixture	duplicate-literal	resolution-path	support	base:bootstraptoken1	base	exact	1
fixture	duplicate-literal	resolution-path	support	base:key4	base	exact	1
fixture	duplicate-literal	resolution-path	support	base:key5	base	exact	1
fixture	duplicate-literal	resolution-path	support	base:key6	base	exact	1
fixture	duplicate-literal	resolution-path	support	base:key7	base	exact	1
fixture	duplicate-literal	resolution-path	support	base:key8	base	exact	1
fixture	duplicate-literal	resolution-path	support	base:secret0	base	exact	1
fixture	duplicate-literal	resolution-path	support	base:secretboxencryptionsecret2	base	exact	1
fixture	duplicate-literal	resolution-path	support	base:token3	base	exact	1
fixture	duplicate-literal	resolution-path	support	reg-pass@1	ref	exact	2
fixture	duplicate-literal	schema	diff	reg-pass@1	ref	exact	1
fixture	duplicate-literal	schema	support	reg-pass@1	ref	exact	2
fixture	duplicate-literal	composed-path	diff	base:secret0	base	exact	1
fixture	duplicate-literal	composed-path	diff	reg-pass@1	ref	exact	1
fixture	duplicate-literal	composed-path	support	base:bootstraptoken1	base	exact	1
fixture	duplicate-literal	composed-path	support	base:key4	base	exact	1
fixture	duplicate-literal	composed-path	support	base:key5	base	exact	1
fixture	duplicate-literal	composed-path	support	base:key6	base	exact	1
fixture	duplicate-literal	composed-path	support	base:key7	base	exact	1
fixture	duplicate-literal	composed-path	support	base:key8	base	exact	1
fixture	duplicate-literal	composed-path	support	base:secret0	base	exact	1
fixture	duplicate-literal	composed-path	support	base:secretboxencryptionsecret2	base	exact	1
fixture	duplicate-literal	composed-path	support	base:token3	base	exact	1
fixture	duplicate-literal	composed-path	support	reg-pass@1	ref	exact	2
fixture	duplicate-literal	path+schema	diff	reg-pass@1	ref	exact	1
fixture	duplicate-literal	path+schema	support	reg-pass@1	ref	exact	2
fixture	embedded-json	none	diff	app-token@1	ref	json-escaped	1
fixture	embedded-json	none	support	app-token@1	ref	json-escaped	2
fixture	embedded-json	none	support	base:bootstraptoken1	base	exact	1
fixture	embedded-json	none	support	base:key4	base	exact	1
fixture	embedded-json	none	support	base:key5	base	exact	1
fixture	embedded-json	none	support	base:key6	base	exact	1
fixture	embedded-json	none	support	base:key7	base	exact	1
fixture	embedded-json	none	support	base:key8	base	exact	1
fixture	embedded-json	none	support	base:secret0	base	exact	1
fixture	embedded-json	none	support	base:secretboxencryptionsecret2	base	exact	1
fixture	embedded-json	none	support	base:token3	base	exact	1
fixture	embedded-json	value	diff	app-token@1	ref	json-escaped	1
fixture	embedded-json	value	support	app-token@1	ref	json-escaped	2
fixture	embedded-json	resolution-path	support	base:bootstraptoken1	base	exact	1
fixture	embedded-json	resolution-path	support	base:key4	base	exact	1
fixture	embedded-json	resolution-path	support	base:key5	base	exact	1
fixture	embedded-json	resolution-path	support	base:key6	base	exact	1
fixture	embedded-json	resolution-path	support	base:key7	base	exact	1
fixture	embedded-json	resolution-path	support	base:key8	base	exact	1
fixture	embedded-json	resolution-path	support	base:secret0	base	exact	1
fixture	embedded-json	resolution-path	support	base:secretboxencryptionsecret2	base	exact	1
fixture	embedded-json	resolution-path	support	base:token3	base	exact	1
fixture	embedded-json	schema	diff	app-token@1	ref	json-escaped	1
fixture	embedded-json	schema	support	app-token@1	ref	json-escaped	2
fixture	embedded-json	composed-path	support	base:bootstraptoken1	base	exact	1
fixture	embedded-json	composed-path	support	base:key4	base	exact	1
fixture	embedded-json	composed-path	support	base:key5	base	exact	1
fixture	embedded-json	composed-path	support	base:key6	base	exact	1
fixture	embedded-json	composed-path	support	base:key7	base	exact	1
fixture	embedded-json	composed-path	support	base:key8	base	exact	1
fixture	embedded-json	composed-path	support	base:secret0	base	exact	1
fixture	embedded-json	composed-path	support	base:secretboxencryptionsecret2	base	exact	1
fixture	embedded-json	composed-path	support	base:token3	base	exact	1
fixture	embedded-yaml	none	diff	app-pass@1	ref	yaml-escaped	1
fixture	embedded-yaml	none	diff	base:key4	base	exact	1
fixture	embedded-yaml	none	support	app-pass@1	ref	yaml-escaped	2
fixture	embedded-yaml	none	support	base:bootstraptoken1	base	exact	1
fixture	embedded-yaml	none	support	base:key4	base	exact	1
fixture	embedded-yaml	none	support	base:key5	base	exact	1
fixture	embedded-yaml	none	support	base:key6	base	exact	1
fixture	embedded-yaml	none	support	base:key7	base	exact	1
fixture	embedded-yaml	none	support	base:key8	base	exact	1
fixture	embedded-yaml	none	support	base:secret0	base	exact	1
fixture	embedded-yaml	none	support	base:secretboxencryptionsecret2	base	exact	1
fixture	embedded-yaml	none	support	base:token3	base	exact	1
fixture	embedded-yaml	value	diff	app-pass@1	ref	yaml-escaped	1
fixture	embedded-yaml	value	support	app-pass@1	ref	yaml-escaped	2
fixture	embedded-yaml	resolution-path	diff	base:key4	base	exact	1
fixture	embedded-yaml	resolution-path	support	base:bootstraptoken1	base	exact	1
fixture	embedded-yaml	resolution-path	support	base:key4	base	exact	1
fixture	embedded-yaml	resolution-path	support	base:key5	base	exact	1
fixture	embedded-yaml	resolution-path	support	base:key6	base	exact	1
fixture	embedded-yaml	resolution-path	support	base:key7	base	exact	1
fixture	embedded-yaml	resolution-path	support	base:key8	base	exact	1
fixture	embedded-yaml	resolution-path	support	base:secret0	base	exact	1
fixture	embedded-yaml	resolution-path	support	base:secretboxencryptionsecret2	base	exact	1
fixture	embedded-yaml	resolution-path	support	base:token3	base	exact	1
fixture	embedded-yaml	schema	diff	app-pass@1	ref	yaml-escaped	1
fixture	embedded-yaml	schema	support	app-pass@1	ref	yaml-escaped	2
fixture	embedded-yaml	composed-path	diff	base:key4	base	exact	1
fixture	embedded-yaml	composed-path	support	base:bootstraptoken1	base	exact	1
fixture	embedded-yaml	composed-path	support	base:key4	base	exact	1
fixture	embedded-yaml	composed-path	support	base:key5	base	exact	1
fixture	embedded-yaml	composed-path	support	base:key6	base	exact	1
fixture	embedded-yaml	composed-path	support	base:key7	base	exact	1
fixture	embedded-yaml	composed-path	support	base:key8	base	exact	1
fixture	embedded-yaml	composed-path	support	base:secret0	base	exact	1
fixture	embedded-yaml	composed-path	support	base:secretboxencryptionsecret2	base	exact	1
fixture	embedded-yaml	composed-path	support	base:token3	base	exact	1
fixture	int	none	diff	prism-port@1	ref	keyed	1
fixture	int	none	support	base:bootstraptoken1	base	exact	1
fixture	int	none	support	base:key4	base	exact	1
fixture	int	none	support	base:key5	base	exact	1
fixture	int	none	support	base:key6	base	exact	1
fixture	int	none	support	base:key7	base	exact	1
fixture	int	none	support	base:key8	base	exact	1
fixture	int	none	support	base:secret0	base	exact	1
fixture	int	none	support	base:secretboxencryptionsecret2	base	exact	1
fixture	int	none	support	base:token3	base	exact	1
fixture	int	none	support	prism-port@1	ref	keyed	2
fixture	int	value	diff	prism-port@1	ref	keyed	1
fixture	int	value	support	prism-port@1	ref	keyed	2
fixture	int	resolution-path	support	base:bootstraptoken1	base	exact	1
fixture	int	resolution-path	support	base:key4	base	exact	1
fixture	int	resolution-path	support	base:key5	base	exact	1
fixture	int	resolution-path	support	base:key6	base	exact	1
fixture	int	resolution-path	support	base:key7	base	exact	1
fixture	int	resolution-path	support	base:key8	base	exact	1
fixture	int	resolution-path	support	base:secret0	base	exact	1
fixture	int	resolution-path	support	base:secretboxencryptionsecret2	base	exact	1
fixture	int	resolution-path	support	base:token3	base	exact	1
fixture	int	schema	diff	prism-port@1	ref	keyed	1
fixture	int	schema	support	prism-port@1	ref	keyed	2
fixture	int	composed-path	support	base:bootstraptoken1	base	exact	1
fixture	int	composed-path	support	base:key4	base	exact	1
fixture	int	composed-path	support	base:key5	base	exact	1
fixture	int	composed-path	support	base:key6	base	exact	1
fixture	int	composed-path	support	base:key7	base	exact	1
fixture	int	composed-path	support	base:key8	base	exact	1
fixture	int	composed-path	support	base:secret0	base	exact	1
fixture	int	composed-path	support	base:secretboxencryptionsecret2	base	exact	1
fixture	int	composed-path	support	base:token3	base	exact	1
fixture	invalid-value	none	diff	dns-domain@1	ref	exact	1
fixture	invalid-value	none	errors	dns-domain@1	ref	exact	1
fixture	invalid-value	none	log	dns-domain@1	ref	exact	1
fixture	invalid-value	none	support	base:bootstraptoken1	base	exact	1
fixture	invalid-value	none	support	base:key4	base	exact	1
fixture	invalid-value	none	support	base:key5	base	exact	1
fixture	invalid-value	none	support	base:key6	base	exact	1
fixture	invalid-value	none	support	base:key7	base	exact	1
fixture	invalid-value	none	support	base:key8	base	exact	1
fixture	invalid-value	none	support	base:secret0	base	exact	1
fixture	invalid-value	none	support	base:secretboxencryptionsecret2	base	exact	1
fixture	invalid-value	none	support	base:token3	base	exact	1
fixture	invalid-value	none	support	dns-domain@1	ref	exact	4
fixture	invalid-value	resolution-path	errors	dns-domain@1	ref	exact	1
fixture	invalid-value	resolution-path	log	dns-domain@1	ref	exact	1
fixture	invalid-value	resolution-path	support	base:bootstraptoken1	base	exact	1
fixture	invalid-value	resolution-path	support	base:key4	base	exact	1
fixture	invalid-value	resolution-path	support	base:key5	base	exact	1
fixture	invalid-value	resolution-path	support	base:key6	base	exact	1
fixture	invalid-value	resolution-path	support	base:key7	base	exact	1
fixture	invalid-value	resolution-path	support	base:key8	base	exact	1
fixture	invalid-value	resolution-path	support	base:secret0	base	exact	1
fixture	invalid-value	resolution-path	support	base:secretboxencryptionsecret2	base	exact	1
fixture	invalid-value	resolution-path	support	base:token3	base	exact	1
fixture	invalid-value	resolution-path	support	dns-domain@1	ref	exact	2
fixture	invalid-value	schema	diff	dns-domain@1	ref	exact	1
fixture	invalid-value	schema	errors	dns-domain@1	ref	exact	1
fixture	invalid-value	schema	log	dns-domain@1	ref	exact	1
fixture	invalid-value	schema	support	dns-domain@1	ref	exact	4
fixture	invalid-value	composed-path	support	base:bootstraptoken1	base	exact	1
fixture	invalid-value	composed-path	support	base:key4	base	exact	1
fixture	invalid-value	composed-path	support	base:key5	base	exact	1
fixture	invalid-value	composed-path	support	base:key6	base	exact	1
fixture	invalid-value	composed-path	support	base:key7	base	exact	1
fixture	invalid-value	composed-path	support	base:key8	base	exact	1
fixture	invalid-value	composed-path	support	base:secret0	base	exact	1
fixture	invalid-value	composed-path	support	base:secretboxencryptionsecret2	base	exact	1
fixture	invalid-value	composed-path	support	base:token3	base	exact	1
fixture	list-append	none	diff	base:key4	base	exact	1
fixture	list-append	none	diff	manifest-url@1	ref	exact	1
fixture	list-append	none	support	base:bootstraptoken1	base	exact	1
fixture	list-append	none	support	base:key4	base	exact	1
fixture	list-append	none	support	base:key5	base	exact	1
fixture	list-append	none	support	base:key6	base	exact	1
fixture	list-append	none	support	base:key7	base	exact	1
fixture	list-append	none	support	base:key8	base	exact	1
fixture	list-append	none	support	base:secret0	base	exact	1
fixture	list-append	none	support	base:secretboxencryptionsecret2	base	exact	1
fixture	list-append	none	support	base:token3	base	exact	1
fixture	list-append	none	support	manifest-url@1	ref	exact	2
fixture	list-append	resolution-path	diff	base:key4	base	exact	1
fixture	list-append	resolution-path	diff	manifest-url@1	ref	exact	1
fixture	list-append	resolution-path	support	base:bootstraptoken1	base	exact	1
fixture	list-append	resolution-path	support	base:key4	base	exact	1
fixture	list-append	resolution-path	support	base:key5	base	exact	1
fixture	list-append	resolution-path	support	base:key6	base	exact	1
fixture	list-append	resolution-path	support	base:key7	base	exact	1
fixture	list-append	resolution-path	support	base:key8	base	exact	1
fixture	list-append	resolution-path	support	base:secret0	base	exact	1
fixture	list-append	resolution-path	support	base:secretboxencryptionsecret2	base	exact	1
fixture	list-append	resolution-path	support	base:token3	base	exact	1
fixture	list-append	resolution-path	support	manifest-url@1	ref	exact	1
fixture	list-append	schema	diff	manifest-url@1	ref	exact	1
fixture	list-append	schema	support	manifest-url@1	ref	exact	2
fixture	list-append	composed-path	diff	base:key4	base	exact	1
fixture	list-append	composed-path	support	base:bootstraptoken1	base	exact	1
fixture	list-append	composed-path	support	base:key4	base	exact	1
fixture	list-append	composed-path	support	base:key5	base	exact	1
fixture	list-append	composed-path	support	base:key6	base	exact	1
fixture	list-append	composed-path	support	base:key7	base	exact	1
fixture	list-append	composed-path	support	base:key8	base	exact	1
fixture	list-append	composed-path	support	base:secret0	base	exact	1
fixture	list-append	composed-path	support	base:secretboxencryptionsecret2	base	exact	1
fixture	list-append	composed-path	support	base:token3	base	exact	1
fixture	list-duplicate	none	diff	base:key4	base	exact	1
fixture	list-duplicate	none	diff	dup-pass@1	ref	exact	1
fixture	list-duplicate	none	support	base:bootstraptoken1	base	exact	1
fixture	list-duplicate	none	support	base:key4	base	exact	1
fixture	list-duplicate	none	support	base:key5	base	exact	1
fixture	list-duplicate	none	support	base:key6	base	exact	1
fixture	list-duplicate	none	support	base:key7	base	exact	1
fixture	list-duplicate	none	support	base:key8	base	exact	1
fixture	list-duplicate	none	support	base:secret0	base	exact	1
fixture	list-duplicate	none	support	base:secretboxencryptionsecret2	base	exact	1
fixture	list-duplicate	none	support	base:token3	base	exact	1
fixture	list-duplicate	none	support	dup-pass@1	ref	exact	2
fixture	list-duplicate	resolution-path	diff	base:key4	base	exact	1
fixture	list-duplicate	resolution-path	support	base:bootstraptoken1	base	exact	1
fixture	list-duplicate	resolution-path	support	base:key4	base	exact	1
fixture	list-duplicate	resolution-path	support	base:key5	base	exact	1
fixture	list-duplicate	resolution-path	support	base:key6	base	exact	1
fixture	list-duplicate	resolution-path	support	base:key7	base	exact	1
fixture	list-duplicate	resolution-path	support	base:key8	base	exact	1
fixture	list-duplicate	resolution-path	support	base:secret0	base	exact	1
fixture	list-duplicate	resolution-path	support	base:secretboxencryptionsecret2	base	exact	1
fixture	list-duplicate	resolution-path	support	base:token3	base	exact	1
fixture	list-duplicate	schema	diff	dup-pass@1	ref	exact	1
fixture	list-duplicate	schema	support	dup-pass@1	ref	exact	2
fixture	list-duplicate	composed-path	diff	base:key4	base	exact	1
fixture	list-duplicate	composed-path	support	base:bootstraptoken1	base	exact	1
fixture	list-duplicate	composed-path	support	base:key4	base	exact	1
fixture	list-duplicate	composed-path	support	base:key5	base	exact	1
fixture	list-duplicate	composed-path	support	base:key6	base	exact	1
fixture	list-duplicate	composed-path	support	base:key7	base	exact	1
fixture	list-duplicate	composed-path	support	base:key8	base	exact	1
fixture	list-duplicate	composed-path	support	base:secret0	base	exact	1
fixture	list-duplicate	composed-path	support	base:secretboxencryptionsecret2	base	exact	1
fixture	list-duplicate	composed-path	support	base:token3	base	exact	1
fixture	map	none	diff	reg-auth@1#password	ref	exact	1
fixture	map	none	diff	reg-auth@1#username	ref	exact	1
fixture	map	none	support	base:bootstraptoken1	base	exact	1
fixture	map	none	support	base:key4	base	exact	1
fixture	map	none	support	base:key5	base	exact	1
fixture	map	none	support	base:key6	base	exact	1
fixture	map	none	support	base:key7	base	exact	1
fixture	map	none	support	base:key8	base	exact	1
fixture	map	none	support	base:secret0	base	exact	1
fixture	map	none	support	base:secretboxencryptionsecret2	base	exact	1
fixture	map	none	support	base:token3	base	exact	1
fixture	map	none	support	reg-auth@1#password	ref	exact	2
fixture	map	none	support	reg-auth@1#username	ref	exact	2
fixture	map	resolution-path	support	base:bootstraptoken1	base	exact	1
fixture	map	resolution-path	support	base:key4	base	exact	1
fixture	map	resolution-path	support	base:key5	base	exact	1
fixture	map	resolution-path	support	base:key6	base	exact	1
fixture	map	resolution-path	support	base:key7	base	exact	1
fixture	map	resolution-path	support	base:key8	base	exact	1
fixture	map	resolution-path	support	base:secret0	base	exact	1
fixture	map	resolution-path	support	base:secretboxencryptionsecret2	base	exact	1
fixture	map	resolution-path	support	base:token3	base	exact	1
fixture	map	schema	diff	reg-auth@1#username	ref	exact	1
fixture	map	schema	support	reg-auth@1#username	ref	exact	2
fixture	map	composed-path	support	base:bootstraptoken1	base	exact	1
fixture	map	composed-path	support	base:key4	base	exact	1
fixture	map	composed-path	support	base:key5	base	exact	1
fixture	map	composed-path	support	base:key6	base	exact	1
fixture	map	composed-path	support	base:key7	base	exact	1
fixture	map	composed-path	support	base:key8	base	exact	1
fixture	map	composed-path	support	base:secret0	base	exact	1
fixture	map	composed-path	support	base:secretboxencryptionsecret2	base	exact	1
fixture	map	composed-path	support	base:token3	base	exact	1
fixture	map-partial	none	diff	reg-auth@1#username	ref	exact	1
fixture	map-partial	none	support	base:bootstraptoken1	base	exact	1
fixture	map-partial	none	support	base:key4	base	exact	1
fixture	map-partial	none	support	base:key5	base	exact	1
fixture	map-partial	none	support	base:key6	base	exact	1
fixture	map-partial	none	support	base:key7	base	exact	1
fixture	map-partial	none	support	base:key8	base	exact	1
fixture	map-partial	none	support	base:secret0	base	exact	1
fixture	map-partial	none	support	base:secretboxencryptionsecret2	base	exact	1
fixture	map-partial	none	support	base:token3	base	exact	1
fixture	map-partial	none	support	reg-auth@1#password	ref	exact	1
fixture	map-partial	none	support	reg-auth@1#username	ref	exact	2
fixture	map-partial	resolution-path	support	base:bootstraptoken1	base	exact	1
fixture	map-partial	resolution-path	support	base:key4	base	exact	1
fixture	map-partial	resolution-path	support	base:key5	base	exact	1
fixture	map-partial	resolution-path	support	base:key6	base	exact	1
fixture	map-partial	resolution-path	support	base:key7	base	exact	1
fixture	map-partial	resolution-path	support	base:key8	base	exact	1
fixture	map-partial	resolution-path	support	base:secret0	base	exact	1
fixture	map-partial	resolution-path	support	base:secretboxencryptionsecret2	base	exact	1
fixture	map-partial	resolution-path	support	base:token3	base	exact	1
fixture	map-partial	schema	diff	reg-auth@1#username	ref	exact	1
fixture	map-partial	schema	support	reg-auth@1#username	ref	exact	2
fixture	map-partial	composed-path	support	base:bootstraptoken1	base	exact	1
fixture	map-partial	composed-path	support	base:key4	base	exact	1
fixture	map-partial	composed-path	support	base:key5	base	exact	1
fixture	map-partial	composed-path	support	base:key6	base	exact	1
fixture	map-partial	composed-path	support	base:key7	base	exact	1
fixture	map-partial	composed-path	support	base:key8	base	exact	1
fixture	map-partial	composed-path	support	base:secret0	base	exact	1
fixture	map-partial	composed-path	support	base:secretboxencryptionsecret2	base	exact	1
fixture	map-partial	composed-path	support	base:token3	base	exact	1
fixture	moved-r1	none	diff	reg-pass@1	ref	exact	1
fixture	moved-r1	none	support	base:bootstraptoken1	base	exact	1
fixture	moved-r1	none	support	base:key4	base	exact	1
fixture	moved-r1	none	support	base:key5	base	exact	1
fixture	moved-r1	none	support	base:key6	base	exact	1
fixture	moved-r1	none	support	base:key7	base	exact	1
fixture	moved-r1	none	support	base:key8	base	exact	1
fixture	moved-r1	none	support	base:secret0	base	exact	1
fixture	moved-r1	none	support	base:secretboxencryptionsecret2	base	exact	1
fixture	moved-r1	none	support	base:token3	base	exact	1
fixture	moved-r1	none	support	reg-pass@1	ref	exact	2
fixture	moved-r1	resolution-path	support	base:bootstraptoken1	base	exact	1
fixture	moved-r1	resolution-path	support	base:key4	base	exact	1
fixture	moved-r1	resolution-path	support	base:key5	base	exact	1
fixture	moved-r1	resolution-path	support	base:key6	base	exact	1
fixture	moved-r1	resolution-path	support	base:key7	base	exact	1
fixture	moved-r1	resolution-path	support	base:key8	base	exact	1
fixture	moved-r1	resolution-path	support	base:secret0	base	exact	1
fixture	moved-r1	resolution-path	support	base:secretboxencryptionsecret2	base	exact	1
fixture	moved-r1	resolution-path	support	base:token3	base	exact	1
fixture	moved-r1	composed-path	support	base:bootstraptoken1	base	exact	1
fixture	moved-r1	composed-path	support	base:key4	base	exact	1
fixture	moved-r1	composed-path	support	base:key5	base	exact	1
fixture	moved-r1	composed-path	support	base:key6	base	exact	1
fixture	moved-r1	composed-path	support	base:key7	base	exact	1
fixture	moved-r1	composed-path	support	base:key8	base	exact	1
fixture	moved-r1	composed-path	support	base:secret0	base	exact	1
fixture	moved-r1	composed-path	support	base:secretboxencryptionsecret2	base	exact	1
fixture	moved-r1	composed-path	support	base:token3	base	exact	1
fixture	moved-r2	none	diff	reg-pass@1	ref	exact	1
fixture	moved-r2	none	support	base:bootstraptoken1	base	exact	1
fixture	moved-r2	none	support	base:key4	base	exact	1
fixture	moved-r2	none	support	base:key5	base	exact	1
fixture	moved-r2	none	support	base:key6	base	exact	1
fixture	moved-r2	none	support	base:key7	base	exact	1
fixture	moved-r2	none	support	base:key8	base	exact	1
fixture	moved-r2	none	support	base:secret0	base	exact	1
fixture	moved-r2	none	support	base:secretboxencryptionsecret2	base	exact	1
fixture	moved-r2	none	support	base:token3	base	exact	1
fixture	moved-r2	none	support	reg-pass@1	ref	exact	2
fixture	moved-r2	resolution-path	support	base:bootstraptoken1	base	exact	1
fixture	moved-r2	resolution-path	support	base:key4	base	exact	1
fixture	moved-r2	resolution-path	support	base:key5	base	exact	1
fixture	moved-r2	resolution-path	support	base:key6	base	exact	1
fixture	moved-r2	resolution-path	support	base:key7	base	exact	1
fixture	moved-r2	resolution-path	support	base:key8	base	exact	1
fixture	moved-r2	resolution-path	support	base:secret0	base	exact	1
fixture	moved-r2	resolution-path	support	base:secretboxencryptionsecret2	base	exact	1
fixture	moved-r2	resolution-path	support	base:token3	base	exact	1
fixture	moved-r2	composed-path	support	base:bootstraptoken1	base	exact	1
fixture	moved-r2	composed-path	support	base:key4	base	exact	1
fixture	moved-r2	composed-path	support	base:key5	base	exact	1
fixture	moved-r2	composed-path	support	base:key6	base	exact	1
fixture	moved-r2	composed-path	support	base:key7	base	exact	1
fixture	moved-r2	composed-path	support	base:key8	base	exact	1
fixture	moved-r2	composed-path	support	base:secret0	base	exact	1
fixture	moved-r2	composed-path	support	base:secretboxencryptionsecret2	base	exact	1
fixture	moved-r2	composed-path	support	base:token3	base	exact	1
fixture	override-literal	none	support	base:bootstraptoken1	base	exact	1
fixture	override-literal	none	support	base:key4	base	exact	1
fixture	override-literal	none	support	base:key5	base	exact	1
fixture	override-literal	none	support	base:key6	base	exact	1
fixture	override-literal	none	support	base:key7	base	exact	1
fixture	override-literal	none	support	base:key8	base	exact	1
fixture	override-literal	none	support	base:secret0	base	exact	1
fixture	override-literal	none	support	base:secretboxencryptionsecret2	base	exact	1
fixture	override-literal	none	support	base:token3	base	exact	1
fixture	override-literal	none	support	reg-pass@1	ref	exact	1
fixture	override-literal	resolution-path	support	base:bootstraptoken1	base	exact	1
fixture	override-literal	resolution-path	support	base:key4	base	exact	1
fixture	override-literal	resolution-path	support	base:key5	base	exact	1
fixture	override-literal	resolution-path	support	base:key6	base	exact	1
fixture	override-literal	resolution-path	support	base:key7	base	exact	1
fixture	override-literal	resolution-path	support	base:key8	base	exact	1
fixture	override-literal	resolution-path	support	base:secret0	base	exact	1
fixture	override-literal	resolution-path	support	base:secretboxencryptionsecret2	base	exact	1
fixture	override-literal	resolution-path	support	base:token3	base	exact	1
fixture	override-literal	composed-path	support	base:bootstraptoken1	base	exact	1
fixture	override-literal	composed-path	support	base:key4	base	exact	1
fixture	override-literal	composed-path	support	base:key5	base	exact	1
fixture	override-literal	composed-path	support	base:key6	base	exact	1
fixture	override-literal	composed-path	support	base:key7	base	exact	1
fixture	override-literal	composed-path	support	base:key8	base	exact	1
fixture	override-literal	composed-path	support	base:secret0	base	exact	1
fixture	override-literal	composed-path	support	base:secretboxencryptionsecret2	base	exact	1
fixture	override-literal	composed-path	support	base:token3	base	exact	1
fixture	override-ref	none	diff	reg-pass@1	ref	exact	1
fixture	override-ref	none	support	base:bootstraptoken1	base	exact	1
fixture	override-ref	none	support	base:key4	base	exact	1
fixture	override-ref	none	support	base:key5	base	exact	1
fixture	override-ref	none	support	base:key6	base	exact	1
fixture	override-ref	none	support	base:key7	base	exact	1
fixture	override-ref	none	support	base:key8	base	exact	1
fixture	override-ref	none	support	base:secret0	base	exact	1
fixture	override-ref	none	support	base:secretboxencryptionsecret2	base	exact	1
fixture	override-ref	none	support	base:token3	base	exact	1
fixture	override-ref	none	support	reg-pass@1	ref	exact	2
fixture	override-ref	resolution-path	support	base:bootstraptoken1	base	exact	1
fixture	override-ref	resolution-path	support	base:key4	base	exact	1
fixture	override-ref	resolution-path	support	base:key5	base	exact	1
fixture	override-ref	resolution-path	support	base:key6	base	exact	1
fixture	override-ref	resolution-path	support	base:key7	base	exact	1
fixture	override-ref	resolution-path	support	base:key8	base	exact	1
fixture	override-ref	resolution-path	support	base:secret0	base	exact	1
fixture	override-ref	resolution-path	support	base:secretboxencryptionsecret2	base	exact	1
fixture	override-ref	resolution-path	support	base:token3	base	exact	1
fixture	override-ref	composed-path	support	base:bootstraptoken1	base	exact	1
fixture	override-ref	composed-path	support	base:key4	base	exact	1
fixture	override-ref	composed-path	support	base:key5	base	exact	1
fixture	override-ref	composed-path	support	base:key6	base	exact	1
fixture	override-ref	composed-path	support	base:key7	base	exact	1
fixture	override-ref	composed-path	support	base:key8	base	exact	1
fixture	override-ref	composed-path	support	base:secret0	base	exact	1
fixture	override-ref	composed-path	support	base:secretboxencryptionsecret2	base	exact	1
fixture	override-ref	composed-path	support	base:token3	base	exact	1
fixture	ref-over-ref	none	diff	pass-b@1	ref	exact	1
fixture	ref-over-ref	none	support	base:bootstraptoken1	base	exact	1
fixture	ref-over-ref	none	support	base:key4	base	exact	1
fixture	ref-over-ref	none	support	base:key5	base	exact	1
fixture	ref-over-ref	none	support	base:key6	base	exact	1
fixture	ref-over-ref	none	support	base:key7	base	exact	1
fixture	ref-over-ref	none	support	base:key8	base	exact	1
fixture	ref-over-ref	none	support	base:secret0	base	exact	1
fixture	ref-over-ref	none	support	base:secretboxencryptionsecret2	base	exact	1
fixture	ref-over-ref	none	support	base:token3	base	exact	1
fixture	ref-over-ref	none	support	pass-a@1	ref	exact	1
fixture	ref-over-ref	none	support	pass-b@1	ref	exact	2
fixture	ref-over-ref	resolution-path	support	base:bootstraptoken1	base	exact	1
fixture	ref-over-ref	resolution-path	support	base:key4	base	exact	1
fixture	ref-over-ref	resolution-path	support	base:key5	base	exact	1
fixture	ref-over-ref	resolution-path	support	base:key6	base	exact	1
fixture	ref-over-ref	resolution-path	support	base:key7	base	exact	1
fixture	ref-over-ref	resolution-path	support	base:key8	base	exact	1
fixture	ref-over-ref	resolution-path	support	base:secret0	base	exact	1
fixture	ref-over-ref	resolution-path	support	base:secretboxencryptionsecret2	base	exact	1
fixture	ref-over-ref	resolution-path	support	base:token3	base	exact	1
fixture	ref-over-ref	composed-path	support	base:bootstraptoken1	base	exact	1
fixture	ref-over-ref	composed-path	support	base:key4	base	exact	1
fixture	ref-over-ref	composed-path	support	base:key5	base	exact	1
fixture	ref-over-ref	composed-path	support	base:key6	base	exact	1
fixture	ref-over-ref	composed-path	support	base:key7	base	exact	1
fixture	ref-over-ref	composed-path	support	base:key8	base	exact	1
fixture	ref-over-ref	composed-path	support	base:secret0	base	exact	1
fixture	ref-over-ref	composed-path	support	base:secretboxencryptionsecret2	base	exact	1
fixture	ref-over-ref	composed-path	support	base:token3	base	exact	1
fixture	rotate-r1	none	diff	reg-pass@1	ref	exact	1
fixture	rotate-r1	none	support	base:bootstraptoken1	base	exact	1
fixture	rotate-r1	none	support	base:key4	base	exact	1
fixture	rotate-r1	none	support	base:key5	base	exact	1
fixture	rotate-r1	none	support	base:key6	base	exact	1
fixture	rotate-r1	none	support	base:key7	base	exact	1
fixture	rotate-r1	none	support	base:key8	base	exact	1
fixture	rotate-r1	none	support	base:secret0	base	exact	1
fixture	rotate-r1	none	support	base:secretboxencryptionsecret2	base	exact	1
fixture	rotate-r1	none	support	base:token3	base	exact	1
fixture	rotate-r1	none	support	reg-pass@1	ref	exact	2
fixture	rotate-r1	resolution-path	support	base:bootstraptoken1	base	exact	1
fixture	rotate-r1	resolution-path	support	base:key4	base	exact	1
fixture	rotate-r1	resolution-path	support	base:key5	base	exact	1
fixture	rotate-r1	resolution-path	support	base:key6	base	exact	1
fixture	rotate-r1	resolution-path	support	base:key7	base	exact	1
fixture	rotate-r1	resolution-path	support	base:key8	base	exact	1
fixture	rotate-r1	resolution-path	support	base:secret0	base	exact	1
fixture	rotate-r1	resolution-path	support	base:secretboxencryptionsecret2	base	exact	1
fixture	rotate-r1	resolution-path	support	base:token3	base	exact	1
fixture	rotate-r1	composed-path	support	base:bootstraptoken1	base	exact	1
fixture	rotate-r1	composed-path	support	base:key4	base	exact	1
fixture	rotate-r1	composed-path	support	base:key5	base	exact	1
fixture	rotate-r1	composed-path	support	base:key6	base	exact	1
fixture	rotate-r1	composed-path	support	base:key7	base	exact	1
fixture	rotate-r1	composed-path	support	base:key8	base	exact	1
fixture	rotate-r1	composed-path	support	base:secret0	base	exact	1
fixture	rotate-r1	composed-path	support	base:secretboxencryptionsecret2	base	exact	1
fixture	rotate-r1	composed-path	support	base:token3	base	exact	1
fixture	rotate-r2	none	diff	reg-pass@2	ref	exact	1
fixture	rotate-r2	none	support	base:bootstraptoken1	base	exact	1
fixture	rotate-r2	none	support	base:key4	base	exact	1
fixture	rotate-r2	none	support	base:key5	base	exact	1
fixture	rotate-r2	none	support	base:key6	base	exact	1
fixture	rotate-r2	none	support	base:key7	base	exact	1
fixture	rotate-r2	none	support	base:key8	base	exact	1
fixture	rotate-r2	none	support	base:secret0	base	exact	1
fixture	rotate-r2	none	support	base:secretboxencryptionsecret2	base	exact	1
fixture	rotate-r2	none	support	base:token3	base	exact	1
fixture	rotate-r2	none	support	reg-pass@2	ref	exact	2
fixture	rotate-r2	resolution-path	support	base:bootstraptoken1	base	exact	1
fixture	rotate-r2	resolution-path	support	base:key4	base	exact	1
fixture	rotate-r2	resolution-path	support	base:key5	base	exact	1
fixture	rotate-r2	resolution-path	support	base:key6	base	exact	1
fixture	rotate-r2	resolution-path	support	base:key7	base	exact	1
fixture	rotate-r2	resolution-path	support	base:key8	base	exact	1
fixture	rotate-r2	resolution-path	support	base:secret0	base	exact	1
fixture	rotate-r2	resolution-path	support	base:secretboxencryptionsecret2	base	exact	1
fixture	rotate-r2	resolution-path	support	base:token3	base	exact	1
fixture	rotate-r2	composed-path	support	base:bootstraptoken1	base	exact	1
fixture	rotate-r2	composed-path	support	base:key4	base	exact	1
fixture	rotate-r2	composed-path	support	base:key5	base	exact	1
fixture	rotate-r2	composed-path	support	base:key6	base	exact	1
fixture	rotate-r2	composed-path	support	base:key7	base	exact	1
fixture	rotate-r2	composed-path	support	base:key8	base	exact	1
fixture	rotate-r2	composed-path	support	base:secret0	base	exact	1
fixture	rotate-r2	composed-path	support	base:secretboxencryptionsecret2	base	exact	1
fixture	rotate-r2	composed-path	support	base:token3	base	exact	1
fixture	string	none	diff	reg-pass@1	ref	exact	1
fixture	string	none	support	base:bootstraptoken1	base	exact	1
fixture	string	none	support	base:key4	base	exact	1
fixture	string	none	support	base:key5	base	exact	1
fixture	string	none	support	base:key6	base	exact	1
fixture	string	none	support	base:key7	base	exact	1
fixture	string	none	support	base:key8	base	exact	1
fixture	string	none	support	base:secret0	base	exact	1
fixture	string	none	support	base:secretboxencryptionsecret2	base	exact	1
fixture	string	none	support	base:token3	base	exact	1
fixture	string	none	support	reg-pass@1	ref	exact	2
fixture	string	resolution-path	support	base:bootstraptoken1	base	exact	1
fixture	string	resolution-path	support	base:key4	base	exact	1
fixture	string	resolution-path	support	base:key5	base	exact	1
fixture	string	resolution-path	support	base:key6	base	exact	1
fixture	string	resolution-path	support	base:key7	base	exact	1
fixture	string	resolution-path	support	base:key8	base	exact	1
fixture	string	resolution-path	support	base:secret0	base	exact	1
fixture	string	resolution-path	support	base:secretboxencryptionsecret2	base	exact	1
fixture	string	resolution-path	support	base:token3	base	exact	1
fixture	string	composed-path	support	base:bootstraptoken1	base	exact	1
fixture	string	composed-path	support	base:key4	base	exact	1
fixture	string	composed-path	support	base:key5	base	exact	1
fixture	string	composed-path	support	base:key6	base	exact	1
fixture	string	composed-path	support	base:key7	base	exact	1
fixture	string	composed-path	support	base:key8	base	exact	1
fixture	string	composed-path	support	base:secret0	base	exact	1
fixture	string	composed-path	support	base:secretboxencryptionsecret2	base	exact	1
fixture	string	composed-path	support	base:token3	base	exact	1
fixture	type-mismatch	none	errors	prism-port@1	ref	prefix	1
fixture	type-mismatch	none	log	prism-port@1	ref	prefix	1
fixture	type-mismatch	none	support	prism-port@1	ref	exact	1
fixture	type-mismatch	none	support	prism-port@1	ref	prefix	2
fixture	type-mismatch	value	errors	prism-port@1	ref	prefix	1
fixture	type-mismatch	value	log	prism-port@1	ref	prefix	1
fixture	type-mismatch	value	support	prism-port@1	ref	prefix	2
fixture	type-mismatch	resolution-path	errors	prism-port@1	ref	prefix	1
fixture	type-mismatch	resolution-path	log	prism-port@1	ref	prefix	1
fixture	type-mismatch	resolution-path	support	prism-port@1	ref	prefix	2
fixture	type-mismatch	schema	errors	prism-port@1	ref	prefix	1
fixture	type-mismatch	schema	log	prism-port@1	ref	prefix	1
fixture	type-mismatch	schema	support	prism-port@1	ref	exact	1
fixture	type-mismatch	schema	support	prism-port@1	ref	prefix	2
fixture	type-mismatch-two	none	errors	api-port@1	ref	exact	1
fixture	type-mismatch-two	none	errors	prism-port@1	ref	prefix	1
fixture	type-mismatch-two	none	log	api-port@1	ref	exact	1
fixture	type-mismatch-two	none	log	prism-port@1	ref	prefix	1
fixture	type-mismatch-two	none	support	api-port@1	ref	exact	3
fixture	type-mismatch-two	none	support	prism-port@1	ref	exact	1
fixture	type-mismatch-two	none	support	prism-port@1	ref	prefix	2
fixture	type-mismatch-two	value	errors	prism-port@1	ref	prefix	1
fixture	type-mismatch-two	value	log	prism-port@1	ref	prefix	1
fixture	type-mismatch-two	value	support	prism-port@1	ref	prefix	2
fixture	type-mismatch-two	resolution-path	errors	api-port@1	ref	exact	1
fixture	type-mismatch-two	resolution-path	errors	prism-port@1	ref	prefix	1
fixture	type-mismatch-two	resolution-path	log	api-port@1	ref	exact	1
fixture	type-mismatch-two	resolution-path	log	prism-port@1	ref	prefix	1
fixture	type-mismatch-two	resolution-path	support	api-port@1	ref	exact	2
fixture	type-mismatch-two	resolution-path	support	prism-port@1	ref	prefix	2
fixture	type-mismatch-two	schema	errors	api-port@1	ref	exact	1
fixture	type-mismatch-two	schema	errors	prism-port@1	ref	prefix	1
fixture	type-mismatch-two	schema	log	api-port@1	ref	exact	1
fixture	type-mismatch-two	schema	log	prism-port@1	ref	prefix	1
fixture	type-mismatch-two	schema	support	api-port@1	ref	exact	3
fixture	type-mismatch-two	schema	support	prism-port@1	ref	exact	1
fixture	type-mismatch-two	schema	support	prism-port@1	ref	prefix	2
fixture	unidentified-embedded	none	diff	base:key4	base	exact	1
fixture	unidentified-embedded	none	support	base:bootstraptoken1	base	exact	1
fixture	unidentified-embedded	none	support	base:key4	base	exact	1
fixture	unidentified-embedded	none	support	base:key5	base	exact	1
fixture	unidentified-embedded	none	support	base:key6	base	exact	1
fixture	unidentified-embedded	none	support	base:key7	base	exact	1
fixture	unidentified-embedded	none	support	base:key8	base	exact	1
fixture	unidentified-embedded	none	support	base:secret0	base	exact	1
fixture	unidentified-embedded	none	support	base:secretboxencryptionsecret2	base	exact	1
fixture	unidentified-embedded	none	support	base:token3	base	exact	1
fixture	unidentified-embedded	resolution-path	diff	base:key4	base	exact	1
fixture	unidentified-embedded	resolution-path	support	base:bootstraptoken1	base	exact	1
fixture	unidentified-embedded	resolution-path	support	base:key4	base	exact	1
fixture	unidentified-embedded	resolution-path	support	base:key5	base	exact	1
fixture	unidentified-embedded	resolution-path	support	base:key6	base	exact	1
fixture	unidentified-embedded	resolution-path	support	base:key7	base	exact	1
fixture	unidentified-embedded	resolution-path	support	base:key8	base	exact	1
fixture	unidentified-embedded	resolution-path	support	base:secret0	base	exact	1
fixture	unidentified-embedded	resolution-path	support	base:secretboxencryptionsecret2	base	exact	1
fixture	unidentified-embedded	resolution-path	support	base:token3	base	exact	1
fixture	unidentified-embedded	composed-path	diff	base:key4	base	exact	1
fixture	unidentified-embedded	composed-path	support	base:bootstraptoken1	base	exact	1
fixture	unidentified-embedded	composed-path	support	base:key4	base	exact	1
fixture	unidentified-embedded	composed-path	support	base:key5	base	exact	1
fixture	unidentified-embedded	composed-path	support	base:key6	base	exact	1
fixture	unidentified-embedded	composed-path	support	base:key7	base	exact	1
fixture	unidentified-embedded	composed-path	support	base:key8	base	exact	1
fixture	unidentified-embedded	composed-path	support	base:secret0	base	exact	1
fixture	unidentified-embedded	composed-path	support	base:secretboxencryptionsecret2	base	exact	1
fixture	unidentified-embedded	composed-path	support	base:token3	base	exact	1
fixture	whole-content	none	diff	script@1	ref	line	3
fixture	whole-content	none	support	base:bootstraptoken1	base	exact	1
fixture	whole-content	none	support	base:key4	base	exact	1
fixture	whole-content	none	support	base:key5	base	exact	1
fixture	whole-content	none	support	base:key6	base	exact	1
fixture	whole-content	none	support	base:key7	base	exact	1
fixture	whole-content	none	support	base:key8	base	exact	1
fixture	whole-content	none	support	base:secret0	base	exact	1
fixture	whole-content	none	support	base:secretboxencryptionsecret2	base	exact	1
fixture	whole-content	none	support	base:token3	base	exact	1
fixture	whole-content	none	support	script@1	ref	line	6
fixture	whole-content	resolution-path	support	base:bootstraptoken1	base	exact	1
fixture	whole-content	resolution-path	support	base:key4	base	exact	1
fixture	whole-content	resolution-path	support	base:key5	base	exact	1
fixture	whole-content	resolution-path	support	base:key6	base	exact	1
fixture	whole-content	resolution-path	support	base:key7	base	exact	1
fixture	whole-content	resolution-path	support	base:key8	base	exact	1
fixture	whole-content	resolution-path	support	base:secret0	base	exact	1
fixture	whole-content	resolution-path	support	base:secretboxencryptionsecret2	base	exact	1
fixture	whole-content	resolution-path	support	base:token3	base	exact	1
fixture	whole-content	schema	diff	script@1	ref	line	3
fixture	whole-content	schema	support	script@1	ref	line	6
fixture	whole-content	composed-path	support	base:bootstraptoken1	base	exact	1
fixture	whole-content	composed-path	support	base:key4	base	exact	1
fixture	whole-content	composed-path	support	base:key5	base	exact	1
fixture	whole-content	composed-path	support	base:key6	base	exact	1
fixture	whole-content	composed-path	support	base:key7	base	exact	1
fixture	whole-content	composed-path	support	base:key8	base	exact	1
fixture	whole-content	composed-path	support	base:secret0	base	exact	1
fixture	whole-content	composed-path	support	base:secretboxencryptionsecret2	base	exact	1
fixture	whole-content	composed-path	support	base:token3	base	exact	1
fixture	yaml-escape	none	diff	reg-pass@1	ref	yaml-escaped	1
fixture	yaml-escape	none	support	base:bootstraptoken1	base	exact	1
fixture	yaml-escape	none	support	base:key4	base	exact	1
fixture	yaml-escape	none	support	base:key5	base	exact	1
fixture	yaml-escape	none	support	base:key6	base	exact	1
fixture	yaml-escape	none	support	base:key7	base	exact	1
fixture	yaml-escape	none	support	base:key8	base	exact	1
fixture	yaml-escape	none	support	base:secret0	base	exact	1
fixture	yaml-escape	none	support	base:secretboxencryptionsecret2	base	exact	1
fixture	yaml-escape	none	support	base:token3	base	exact	1
fixture	yaml-escape	none	support	reg-pass@1	ref	yaml-escaped	2
fixture	yaml-escape	value	diff	reg-pass@1	ref	yaml-escaped	1
fixture	yaml-escape	value	support	reg-pass@1	ref	yaml-escaped	2
fixture	yaml-escape	resolution-path	support	base:bootstraptoken1	base	exact	1
fixture	yaml-escape	resolution-path	support	base:key4	base	exact	1
fixture	yaml-escape	resolution-path	support	base:key5	base	exact	1
fixture	yaml-escape	resolution-path	support	base:key6	base	exact	1
fixture	yaml-escape	resolution-path	support	base:key7	base	exact	1
fixture	yaml-escape	resolution-path	support	base:key8	base	exact	1
fixture	yaml-escape	resolution-path	support	base:secret0	base	exact	1
fixture	yaml-escape	resolution-path	support	base:secretboxencryptionsecret2	base	exact	1
fixture	yaml-escape	resolution-path	support	base:token3	base	exact	1
fixture	yaml-escape	composed-path	support	base:bootstraptoken1	base	exact	1
fixture	yaml-escape	composed-path	support	base:key4	base	exact	1
fixture	yaml-escape	composed-path	support	base:key5	base	exact	1
fixture	yaml-escape	composed-path	support	base:key6	base	exact	1
fixture	yaml-escape	composed-path	support	base:key7	base	exact	1
fixture	yaml-escape	composed-path	support	base:key8	base	exact	1
fixture	yaml-escape	composed-path	support	base:secret0	base	exact	1
fixture	yaml-escape	composed-path	support	base:secretboxencryptionsecret2	base	exact	1
fixture	yaml-escape	composed-path	support	base:token3	base	exact	1
generated	alias	none	diff	reg-secret@1	ref	exact	2
generated	alias	none	support	base:bootstraptoken1	base	exact	1
generated	alias	none	support	base:key4	base	exact	1
generated	alias	none	support	base:key5	base	exact	1
generated	alias	none	support	base:key6	base	exact	1
generated	alias	none	support	base:key7	base	exact	1
generated	alias	none	support	base:key8	base	exact	1
generated	alias	none	support	base:secret0	base	exact	1
generated	alias	none	support	base:secretboxencryptionsecret2	base	exact	1
generated	alias	none	support	base:token3	base	exact	1
generated	alias	none	support	reg-secret@1	ref	exact	3
generated	alias	resolution-path	support	base:bootstraptoken1	base	exact	1
generated	alias	resolution-path	support	base:key4	base	exact	1
generated	alias	resolution-path	support	base:key5	base	exact	1
generated	alias	resolution-path	support	base:key6	base	exact	1
generated	alias	resolution-path	support	base:key7	base	exact	1
generated	alias	resolution-path	support	base:key8	base	exact	1
generated	alias	resolution-path	support	base:secret0	base	exact	1
generated	alias	resolution-path	support	base:secretboxencryptionsecret2	base	exact	1
generated	alias	resolution-path	support	base:token3	base	exact	1
generated	alias	composed-path	support	base:bootstraptoken1	base	exact	1
generated	alias	composed-path	support	base:key4	base	exact	1
generated	alias	composed-path	support	base:key5	base	exact	1
generated	alias	composed-path	support	base:key6	base	exact	1
generated	alias	composed-path	support	base:key7	base	exact	1
generated	alias	composed-path	support	base:key8	base	exact	1
generated	alias	composed-path	support	base:secret0	base	exact	1
generated	alias	composed-path	support	base:secretboxencryptionsecret2	base	exact	1
generated	alias	composed-path	support	base:token3	base	exact	1
generated	bool	none	diff	wipe@1	ref	keyed	1
generated	bool	none	support	base:bootstraptoken1	base	exact	1
generated	bool	none	support	base:key4	base	exact	1
generated	bool	none	support	base:key5	base	exact	1
generated	bool	none	support	base:key6	base	exact	1
generated	bool	none	support	base:key7	base	exact	1
generated	bool	none	support	base:key8	base	exact	1
generated	bool	none	support	base:secret0	base	exact	1
generated	bool	none	support	base:secretboxencryptionsecret2	base	exact	1
generated	bool	none	support	base:token3	base	exact	1
generated	bool	none	support	wipe@1	ref	keyed	2
generated	bool	value	diff	wipe@1	ref	keyed	1
generated	bool	value	support	wipe@1	ref	keyed	2
generated	bool	resolution-path	support	base:bootstraptoken1	base	exact	1
generated	bool	resolution-path	support	base:key4	base	exact	1
generated	bool	resolution-path	support	base:key5	base	exact	1
generated	bool	resolution-path	support	base:key6	base	exact	1
generated	bool	resolution-path	support	base:key7	base	exact	1
generated	bool	resolution-path	support	base:key8	base	exact	1
generated	bool	resolution-path	support	base:secret0	base	exact	1
generated	bool	resolution-path	support	base:secretboxencryptionsecret2	base	exact	1
generated	bool	resolution-path	support	base:token3	base	exact	1
generated	bool	schema	diff	wipe@1	ref	keyed	1
generated	bool	schema	support	wipe@1	ref	keyed	2
generated	bool	composed-path	support	base:bootstraptoken1	base	exact	1
generated	bool	composed-path	support	base:key4	base	exact	1
generated	bool	composed-path	support	base:key5	base	exact	1
generated	bool	composed-path	support	base:key6	base	exact	1
generated	bool	composed-path	support	base:key7	base	exact	1
generated	bool	composed-path	support	base:key8	base	exact	1
generated	bool	composed-path	support	base:secret0	base	exact	1
generated	bool	composed-path	support	base:secretboxencryptionsecret2	base	exact	1
generated	bool	composed-path	support	base:token3	base	exact	1
generated	bytes	none	diff	base:key8	base	exact	1
generated	bytes	none	diff	extra-ca@1	ref	placed	1
generated	bytes	none	support	base:bootstraptoken1	base	exact	1
generated	bytes	none	support	base:key4	base	exact	1
generated	bytes	none	support	base:key5	base	exact	1
generated	bytes	none	support	base:key6	base	exact	1
generated	bytes	none	support	base:key7	base	exact	1
generated	bytes	none	support	base:key8	base	exact	1
generated	bytes	none	support	base:secret0	base	exact	1
generated	bytes	none	support	base:secretboxencryptionsecret2	base	exact	1
generated	bytes	none	support	base:token3	base	exact	1
generated	bytes	none	support	extra-ca@1	ref	placed	2
generated	bytes	value	diff	extra-ca@1	ref	placed	1
generated	bytes	value	support	extra-ca@1	ref	placed	2
generated	bytes	resolution-path	diff	base:key8	base	exact	1
generated	bytes	resolution-path	support	base:bootstraptoken1	base	exact	1
generated	bytes	resolution-path	support	base:key4	base	exact	1
generated	bytes	resolution-path	support	base:key5	base	exact	1
generated	bytes	resolution-path	support	base:key6	base	exact	1
generated	bytes	resolution-path	support	base:key7	base	exact	1
generated	bytes	resolution-path	support	base:key8	base	exact	1
generated	bytes	resolution-path	support	base:secret0	base	exact	1
generated	bytes	resolution-path	support	base:secretboxencryptionsecret2	base	exact	1
generated	bytes	resolution-path	support	base:token3	base	exact	1
generated	bytes	schema	diff	extra-ca@1	ref	placed	1
generated	bytes	schema	support	extra-ca@1	ref	placed	2
generated	bytes	composed-path	diff	base:key8	base	exact	1
generated	bytes	composed-path	support	base:bootstraptoken1	base	exact	1
generated	bytes	composed-path	support	base:key4	base	exact	1
generated	bytes	composed-path	support	base:key5	base	exact	1
generated	bytes	composed-path	support	base:key6	base	exact	1
generated	bytes	composed-path	support	base:key7	base	exact	1
generated	bytes	composed-path	support	base:key8	base	exact	1
generated	bytes	composed-path	support	base:secret0	base	exact	1
generated	bytes	composed-path	support	base:secretboxencryptionsecret2	base	exact	1
generated	bytes	composed-path	support	base:token3	base	exact	1
generated	collision	none	diff	reg-pass@1	ref	exact	1
generated	collision	none	support	base:bootstraptoken1	base	exact	1
generated	collision	none	support	base:key4	base	exact	1
generated	collision	none	support	base:key5	base	exact	1
generated	collision	none	support	base:key6	base	exact	1
generated	collision	none	support	base:key7	base	exact	1
generated	collision	none	support	base:key8	base	exact	1
generated	collision	none	support	base:secret0	base	exact	1
generated	collision	none	support	base:secretboxencryptionsecret2	base	exact	1
generated	collision	none	support	base:token3	base	exact	1
generated	collision	none	support	reg-pass@1	ref	exact	2
generated	collision	resolution-path	support	base:bootstraptoken1	base	exact	1
generated	collision	resolution-path	support	base:key4	base	exact	1
generated	collision	resolution-path	support	base:key5	base	exact	1
generated	collision	resolution-path	support	base:key6	base	exact	1
generated	collision	resolution-path	support	base:key7	base	exact	1
generated	collision	resolution-path	support	base:key8	base	exact	1
generated	collision	resolution-path	support	base:secret0	base	exact	1
generated	collision	resolution-path	support	base:secretboxencryptionsecret2	base	exact	1
generated	collision	resolution-path	support	base:token3	base	exact	1
generated	collision	composed-path	support	base:bootstraptoken1	base	exact	1
generated	collision	composed-path	support	base:key4	base	exact	1
generated	collision	composed-path	support	base:key5	base	exact	1
generated	collision	composed-path	support	base:key6	base	exact	1
generated	collision	composed-path	support	base:key7	base	exact	1
generated	collision	composed-path	support	base:key8	base	exact	1
generated	collision	composed-path	support	base:secret0	base	exact	1
generated	collision	composed-path	support	base:secretboxencryptionsecret2	base	exact	1
generated	collision	composed-path	support	base:token3	base	exact	1
generated	delete	none	support	base:bootstraptoken1	base	exact	1
generated	delete	none	support	base:key4	base	exact	1
generated	delete	none	support	base:key5	base	exact	1
generated	delete	none	support	base:key6	base	exact	1
generated	delete	none	support	base:key7	base	exact	1
generated	delete	none	support	base:key8	base	exact	1
generated	delete	none	support	base:secret0	base	exact	1
generated	delete	none	support	base:secretboxencryptionsecret2	base	exact	1
generated	delete	none	support	base:token3	base	exact	1
generated	delete	none	support	reg-pass@1	ref	exact	1
generated	delete	resolution-path	support	base:bootstraptoken1	base	exact	1
generated	delete	resolution-path	support	base:key4	base	exact	1
generated	delete	resolution-path	support	base:key5	base	exact	1
generated	delete	resolution-path	support	base:key6	base	exact	1
generated	delete	resolution-path	support	base:key7	base	exact	1
generated	delete	resolution-path	support	base:key8	base	exact	1
generated	delete	resolution-path	support	base:secret0	base	exact	1
generated	delete	resolution-path	support	base:secretboxencryptionsecret2	base	exact	1
generated	delete	resolution-path	support	base:token3	base	exact	1
generated	delete	composed-path	support	base:bootstraptoken1	base	exact	1
generated	delete	composed-path	support	base:key4	base	exact	1
generated	delete	composed-path	support	base:key5	base	exact	1
generated	delete	composed-path	support	base:key6	base	exact	1
generated	delete	composed-path	support	base:key7	base	exact	1
generated	delete	composed-path	support	base:key8	base	exact	1
generated	delete	composed-path	support	base:secret0	base	exact	1
generated	delete	composed-path	support	base:secretboxencryptionsecret2	base	exact	1
generated	delete	composed-path	support	base:token3	base	exact	1
generated	document	none	diff	roots@1	ref	exact	1
generated	document	none	support	base:bootstraptoken1	base	exact	1
generated	document	none	support	base:key4	base	exact	1
generated	document	none	support	base:key5	base	exact	1
generated	document	none	support	base:key6	base	exact	1
generated	document	none	support	base:key7	base	exact	1
generated	document	none	support	base:key8	base	exact	1
generated	document	none	support	base:secret0	base	exact	1
generated	document	none	support	base:secretboxencryptionsecret2	base	exact	1
generated	document	none	support	base:token3	base	exact	1
generated	document	none	support	roots@1	ref	exact	2
generated	document	resolution-path	support	base:bootstraptoken1	base	exact	1
generated	document	resolution-path	support	base:key4	base	exact	1
generated	document	resolution-path	support	base:key5	base	exact	1
generated	document	resolution-path	support	base:key6	base	exact	1
generated	document	resolution-path	support	base:key7	base	exact	1
generated	document	resolution-path	support	base:key8	base	exact	1
generated	document	resolution-path	support	base:secret0	base	exact	1
generated	document	resolution-path	support	base:secretboxencryptionsecret2	base	exact	1
generated	document	resolution-path	support	base:token3	base	exact	1
generated	document	schema	diff	roots@1	ref	exact	1
generated	document	schema	support	roots@1	ref	exact	2
generated	document	composed-path	support	base:bootstraptoken1	base	exact	1
generated	document	composed-path	support	base:key4	base	exact	1
generated	document	composed-path	support	base:key5	base	exact	1
generated	document	composed-path	support	base:key6	base	exact	1
generated	document	composed-path	support	base:key7	base	exact	1
generated	document	composed-path	support	base:key8	base	exact	1
generated	document	composed-path	support	base:secret0	base	exact	1
generated	document	composed-path	support	base:secretboxencryptionsecret2	base	exact	1
generated	document	composed-path	support	base:token3	base	exact	1
generated	duplicate-literal	none	diff	base:secret0	base	exact	1
generated	duplicate-literal	none	diff	reg-pass@1	ref	exact	2
generated	duplicate-literal	none	support	base:bootstraptoken1	base	exact	1
generated	duplicate-literal	none	support	base:key4	base	exact	1
generated	duplicate-literal	none	support	base:key5	base	exact	1
generated	duplicate-literal	none	support	base:key6	base	exact	1
generated	duplicate-literal	none	support	base:key7	base	exact	1
generated	duplicate-literal	none	support	base:key8	base	exact	1
generated	duplicate-literal	none	support	base:secret0	base	exact	1
generated	duplicate-literal	none	support	base:secretboxencryptionsecret2	base	exact	1
generated	duplicate-literal	none	support	base:token3	base	exact	1
generated	duplicate-literal	none	support	reg-pass@1	ref	exact	4
generated	duplicate-literal	resolution-path	diff	base:secret0	base	exact	1
generated	duplicate-literal	resolution-path	diff	reg-pass@1	ref	exact	1
generated	duplicate-literal	resolution-path	support	base:bootstraptoken1	base	exact	1
generated	duplicate-literal	resolution-path	support	base:key4	base	exact	1
generated	duplicate-literal	resolution-path	support	base:key5	base	exact	1
generated	duplicate-literal	resolution-path	support	base:key6	base	exact	1
generated	duplicate-literal	resolution-path	support	base:key7	base	exact	1
generated	duplicate-literal	resolution-path	support	base:key8	base	exact	1
generated	duplicate-literal	resolution-path	support	base:secret0	base	exact	1
generated	duplicate-literal	resolution-path	support	base:secretboxencryptionsecret2	base	exact	1
generated	duplicate-literal	resolution-path	support	base:token3	base	exact	1
generated	duplicate-literal	resolution-path	support	reg-pass@1	ref	exact	2
generated	duplicate-literal	schema	diff	reg-pass@1	ref	exact	1
generated	duplicate-literal	schema	support	reg-pass@1	ref	exact	2
generated	duplicate-literal	composed-path	diff	base:secret0	base	exact	1
generated	duplicate-literal	composed-path	diff	reg-pass@1	ref	exact	1
generated	duplicate-literal	composed-path	support	base:bootstraptoken1	base	exact	1
generated	duplicate-literal	composed-path	support	base:key4	base	exact	1
generated	duplicate-literal	composed-path	support	base:key5	base	exact	1
generated	duplicate-literal	composed-path	support	base:key6	base	exact	1
generated	duplicate-literal	composed-path	support	base:key7	base	exact	1
generated	duplicate-literal	composed-path	support	base:key8	base	exact	1
generated	duplicate-literal	composed-path	support	base:secret0	base	exact	1
generated	duplicate-literal	composed-path	support	base:secretboxencryptionsecret2	base	exact	1
generated	duplicate-literal	composed-path	support	base:token3	base	exact	1
generated	duplicate-literal	composed-path	support	reg-pass@1	ref	exact	2
generated	duplicate-literal	path+schema	diff	reg-pass@1	ref	exact	1
generated	duplicate-literal	path+schema	support	reg-pass@1	ref	exact	2
generated	embedded-json	none	diff	app-token@1	ref	json-escaped	1
generated	embedded-json	none	support	app-token@1	ref	json-escaped	2
generated	embedded-json	none	support	base:bootstraptoken1	base	exact	1
generated	embedded-json	none	support	base:key4	base	exact	1
generated	embedded-json	none	support	base:key5	base	exact	1
generated	embedded-json	none	support	base:key6	base	exact	1
generated	embedded-json	none	support	base:key7	base	exact	1
generated	embedded-json	none	support	base:key8	base	exact	1
generated	embedded-json	none	support	base:secret0	base	exact	1
generated	embedded-json	none	support	base:secretboxencryptionsecret2	base	exact	1
generated	embedded-json	none	support	base:token3	base	exact	1
generated	embedded-json	value	diff	app-token@1	ref	json-escaped	1
generated	embedded-json	value	support	app-token@1	ref	json-escaped	2
generated	embedded-json	resolution-path	support	base:bootstraptoken1	base	exact	1
generated	embedded-json	resolution-path	support	base:key4	base	exact	1
generated	embedded-json	resolution-path	support	base:key5	base	exact	1
generated	embedded-json	resolution-path	support	base:key6	base	exact	1
generated	embedded-json	resolution-path	support	base:key7	base	exact	1
generated	embedded-json	resolution-path	support	base:key8	base	exact	1
generated	embedded-json	resolution-path	support	base:secret0	base	exact	1
generated	embedded-json	resolution-path	support	base:secretboxencryptionsecret2	base	exact	1
generated	embedded-json	resolution-path	support	base:token3	base	exact	1
generated	embedded-json	schema	diff	app-token@1	ref	json-escaped	1
generated	embedded-json	schema	support	app-token@1	ref	json-escaped	2
generated	embedded-json	composed-path	support	base:bootstraptoken1	base	exact	1
generated	embedded-json	composed-path	support	base:key4	base	exact	1
generated	embedded-json	composed-path	support	base:key5	base	exact	1
generated	embedded-json	composed-path	support	base:key6	base	exact	1
generated	embedded-json	composed-path	support	base:key7	base	exact	1
generated	embedded-json	composed-path	support	base:key8	base	exact	1
generated	embedded-json	composed-path	support	base:secret0	base	exact	1
generated	embedded-json	composed-path	support	base:secretboxencryptionsecret2	base	exact	1
generated	embedded-json	composed-path	support	base:token3	base	exact	1
generated	embedded-yaml	none	diff	app-pass@1	ref	yaml-escaped	1
generated	embedded-yaml	none	diff	base:key4	base	exact	1
generated	embedded-yaml	none	support	app-pass@1	ref	yaml-escaped	2
generated	embedded-yaml	none	support	base:bootstraptoken1	base	exact	1
generated	embedded-yaml	none	support	base:key4	base	exact	1
generated	embedded-yaml	none	support	base:key5	base	exact	1
generated	embedded-yaml	none	support	base:key6	base	exact	1
generated	embedded-yaml	none	support	base:key7	base	exact	1
generated	embedded-yaml	none	support	base:key8	base	exact	1
generated	embedded-yaml	none	support	base:secret0	base	exact	1
generated	embedded-yaml	none	support	base:secretboxencryptionsecret2	base	exact	1
generated	embedded-yaml	none	support	base:token3	base	exact	1
generated	embedded-yaml	value	diff	app-pass@1	ref	yaml-escaped	1
generated	embedded-yaml	value	support	app-pass@1	ref	yaml-escaped	2
generated	embedded-yaml	resolution-path	diff	base:key4	base	exact	1
generated	embedded-yaml	resolution-path	support	base:bootstraptoken1	base	exact	1
generated	embedded-yaml	resolution-path	support	base:key4	base	exact	1
generated	embedded-yaml	resolution-path	support	base:key5	base	exact	1
generated	embedded-yaml	resolution-path	support	base:key6	base	exact	1
generated	embedded-yaml	resolution-path	support	base:key7	base	exact	1
generated	embedded-yaml	resolution-path	support	base:key8	base	exact	1
generated	embedded-yaml	resolution-path	support	base:secret0	base	exact	1
generated	embedded-yaml	resolution-path	support	base:secretboxencryptionsecret2	base	exact	1
generated	embedded-yaml	resolution-path	support	base:token3	base	exact	1
generated	embedded-yaml	schema	diff	app-pass@1	ref	yaml-escaped	1
generated	embedded-yaml	schema	support	app-pass@1	ref	yaml-escaped	2
generated	embedded-yaml	composed-path	diff	base:key4	base	exact	1
generated	embedded-yaml	composed-path	support	base:bootstraptoken1	base	exact	1
generated	embedded-yaml	composed-path	support	base:key4	base	exact	1
generated	embedded-yaml	composed-path	support	base:key5	base	exact	1
generated	embedded-yaml	composed-path	support	base:key6	base	exact	1
generated	embedded-yaml	composed-path	support	base:key7	base	exact	1
generated	embedded-yaml	composed-path	support	base:key8	base	exact	1
generated	embedded-yaml	composed-path	support	base:secret0	base	exact	1
generated	embedded-yaml	composed-path	support	base:secretboxencryptionsecret2	base	exact	1
generated	embedded-yaml	composed-path	support	base:token3	base	exact	1
generated	int	none	diff	prism-port@1	ref	keyed	1
generated	int	none	support	base:bootstraptoken1	base	exact	1
generated	int	none	support	base:key4	base	exact	1
generated	int	none	support	base:key5	base	exact	1
generated	int	none	support	base:key6	base	exact	1
generated	int	none	support	base:key7	base	exact	1
generated	int	none	support	base:key8	base	exact	1
generated	int	none	support	base:secret0	base	exact	1
generated	int	none	support	base:secretboxencryptionsecret2	base	exact	1
generated	int	none	support	base:token3	base	exact	1
generated	int	none	support	prism-port@1	ref	keyed	2
generated	int	value	diff	prism-port@1	ref	keyed	1
generated	int	value	support	prism-port@1	ref	keyed	2
generated	int	resolution-path	support	base:bootstraptoken1	base	exact	1
generated	int	resolution-path	support	base:key4	base	exact	1
generated	int	resolution-path	support	base:key5	base	exact	1
generated	int	resolution-path	support	base:key6	base	exact	1
generated	int	resolution-path	support	base:key7	base	exact	1
generated	int	resolution-path	support	base:key8	base	exact	1
generated	int	resolution-path	support	base:secret0	base	exact	1
generated	int	resolution-path	support	base:secretboxencryptionsecret2	base	exact	1
generated	int	resolution-path	support	base:token3	base	exact	1
generated	int	schema	diff	prism-port@1	ref	keyed	1
generated	int	schema	support	prism-port@1	ref	keyed	2
generated	int	composed-path	support	base:bootstraptoken1	base	exact	1
generated	int	composed-path	support	base:key4	base	exact	1
generated	int	composed-path	support	base:key5	base	exact	1
generated	int	composed-path	support	base:key6	base	exact	1
generated	int	composed-path	support	base:key7	base	exact	1
generated	int	composed-path	support	base:key8	base	exact	1
generated	int	composed-path	support	base:secret0	base	exact	1
generated	int	composed-path	support	base:secretboxencryptionsecret2	base	exact	1
generated	int	composed-path	support	base:token3	base	exact	1
generated	invalid-value	none	diff	dns-domain@1	ref	exact	1
generated	invalid-value	none	errors	dns-domain@1	ref	exact	1
generated	invalid-value	none	log	dns-domain@1	ref	exact	1
generated	invalid-value	none	support	base:bootstraptoken1	base	exact	1
generated	invalid-value	none	support	base:key4	base	exact	1
generated	invalid-value	none	support	base:key5	base	exact	1
generated	invalid-value	none	support	base:key6	base	exact	1
generated	invalid-value	none	support	base:key7	base	exact	1
generated	invalid-value	none	support	base:key8	base	exact	1
generated	invalid-value	none	support	base:secret0	base	exact	1
generated	invalid-value	none	support	base:secretboxencryptionsecret2	base	exact	1
generated	invalid-value	none	support	base:token3	base	exact	1
generated	invalid-value	none	support	dns-domain@1	ref	exact	4
generated	invalid-value	resolution-path	errors	dns-domain@1	ref	exact	1
generated	invalid-value	resolution-path	log	dns-domain@1	ref	exact	1
generated	invalid-value	resolution-path	support	base:bootstraptoken1	base	exact	1
generated	invalid-value	resolution-path	support	base:key4	base	exact	1
generated	invalid-value	resolution-path	support	base:key5	base	exact	1
generated	invalid-value	resolution-path	support	base:key6	base	exact	1
generated	invalid-value	resolution-path	support	base:key7	base	exact	1
generated	invalid-value	resolution-path	support	base:key8	base	exact	1
generated	invalid-value	resolution-path	support	base:secret0	base	exact	1
generated	invalid-value	resolution-path	support	base:secretboxencryptionsecret2	base	exact	1
generated	invalid-value	resolution-path	support	base:token3	base	exact	1
generated	invalid-value	resolution-path	support	dns-domain@1	ref	exact	2
generated	invalid-value	schema	diff	dns-domain@1	ref	exact	1
generated	invalid-value	schema	errors	dns-domain@1	ref	exact	1
generated	invalid-value	schema	log	dns-domain@1	ref	exact	1
generated	invalid-value	schema	support	dns-domain@1	ref	exact	4
generated	invalid-value	composed-path	support	base:bootstraptoken1	base	exact	1
generated	invalid-value	composed-path	support	base:key4	base	exact	1
generated	invalid-value	composed-path	support	base:key5	base	exact	1
generated	invalid-value	composed-path	support	base:key6	base	exact	1
generated	invalid-value	composed-path	support	base:key7	base	exact	1
generated	invalid-value	composed-path	support	base:key8	base	exact	1
generated	invalid-value	composed-path	support	base:secret0	base	exact	1
generated	invalid-value	composed-path	support	base:secretboxencryptionsecret2	base	exact	1
generated	invalid-value	composed-path	support	base:token3	base	exact	1
generated	list-append	none	diff	base:key4	base	exact	1
generated	list-append	none	diff	manifest-url@1	ref	exact	1
generated	list-append	none	support	base:bootstraptoken1	base	exact	1
generated	list-append	none	support	base:key4	base	exact	1
generated	list-append	none	support	base:key5	base	exact	1
generated	list-append	none	support	base:key6	base	exact	1
generated	list-append	none	support	base:key7	base	exact	1
generated	list-append	none	support	base:key8	base	exact	1
generated	list-append	none	support	base:secret0	base	exact	1
generated	list-append	none	support	base:secretboxencryptionsecret2	base	exact	1
generated	list-append	none	support	base:token3	base	exact	1
generated	list-append	none	support	manifest-url@1	ref	exact	2
generated	list-append	resolution-path	diff	base:key4	base	exact	1
generated	list-append	resolution-path	diff	manifest-url@1	ref	exact	1
generated	list-append	resolution-path	support	base:bootstraptoken1	base	exact	1
generated	list-append	resolution-path	support	base:key4	base	exact	1
generated	list-append	resolution-path	support	base:key5	base	exact	1
generated	list-append	resolution-path	support	base:key6	base	exact	1
generated	list-append	resolution-path	support	base:key7	base	exact	1
generated	list-append	resolution-path	support	base:key8	base	exact	1
generated	list-append	resolution-path	support	base:secret0	base	exact	1
generated	list-append	resolution-path	support	base:secretboxencryptionsecret2	base	exact	1
generated	list-append	resolution-path	support	base:token3	base	exact	1
generated	list-append	resolution-path	support	manifest-url@1	ref	exact	1
generated	list-append	schema	diff	manifest-url@1	ref	exact	1
generated	list-append	schema	support	manifest-url@1	ref	exact	2
generated	list-append	composed-path	diff	base:key4	base	exact	1
generated	list-append	composed-path	support	base:bootstraptoken1	base	exact	1
generated	list-append	composed-path	support	base:key4	base	exact	1
generated	list-append	composed-path	support	base:key5	base	exact	1
generated	list-append	composed-path	support	base:key6	base	exact	1
generated	list-append	composed-path	support	base:key7	base	exact	1
generated	list-append	composed-path	support	base:key8	base	exact	1
generated	list-append	composed-path	support	base:secret0	base	exact	1
generated	list-append	composed-path	support	base:secretboxencryptionsecret2	base	exact	1
generated	list-append	composed-path	support	base:token3	base	exact	1
generated	list-duplicate	none	diff	base:key4	base	exact	1
generated	list-duplicate	none	diff	dup-pass@1	ref	exact	1
generated	list-duplicate	none	support	base:bootstraptoken1	base	exact	1
generated	list-duplicate	none	support	base:key4	base	exact	1
generated	list-duplicate	none	support	base:key5	base	exact	1
generated	list-duplicate	none	support	base:key6	base	exact	1
generated	list-duplicate	none	support	base:key7	base	exact	1
generated	list-duplicate	none	support	base:key8	base	exact	1
generated	list-duplicate	none	support	base:secret0	base	exact	1
generated	list-duplicate	none	support	base:secretboxencryptionsecret2	base	exact	1
generated	list-duplicate	none	support	base:token3	base	exact	1
generated	list-duplicate	none	support	dup-pass@1	ref	exact	2
generated	list-duplicate	resolution-path	diff	base:key4	base	exact	1
generated	list-duplicate	resolution-path	support	base:bootstraptoken1	base	exact	1
generated	list-duplicate	resolution-path	support	base:key4	base	exact	1
generated	list-duplicate	resolution-path	support	base:key5	base	exact	1
generated	list-duplicate	resolution-path	support	base:key6	base	exact	1
generated	list-duplicate	resolution-path	support	base:key7	base	exact	1
generated	list-duplicate	resolution-path	support	base:key8	base	exact	1
generated	list-duplicate	resolution-path	support	base:secret0	base	exact	1
generated	list-duplicate	resolution-path	support	base:secretboxencryptionsecret2	base	exact	1
generated	list-duplicate	resolution-path	support	base:token3	base	exact	1
generated	list-duplicate	schema	diff	dup-pass@1	ref	exact	1
generated	list-duplicate	schema	support	dup-pass@1	ref	exact	2
generated	list-duplicate	composed-path	diff	base:key4	base	exact	1
generated	list-duplicate	composed-path	support	base:bootstraptoken1	base	exact	1
generated	list-duplicate	composed-path	support	base:key4	base	exact	1
generated	list-duplicate	composed-path	support	base:key5	base	exact	1
generated	list-duplicate	composed-path	support	base:key6	base	exact	1
generated	list-duplicate	composed-path	support	base:key7	base	exact	1
generated	list-duplicate	composed-path	support	base:key8	base	exact	1
generated	list-duplicate	composed-path	support	base:secret0	base	exact	1
generated	list-duplicate	composed-path	support	base:secretboxencryptionsecret2	base	exact	1
generated	list-duplicate	composed-path	support	base:token3	base	exact	1
generated	map	none	diff	reg-auth@1#password	ref	exact	1
generated	map	none	diff	reg-auth@1#username	ref	exact	1
generated	map	none	support	base:bootstraptoken1	base	exact	1
generated	map	none	support	base:key4	base	exact	1
generated	map	none	support	base:key5	base	exact	1
generated	map	none	support	base:key6	base	exact	1
generated	map	none	support	base:key7	base	exact	1
generated	map	none	support	base:key8	base	exact	1
generated	map	none	support	base:secret0	base	exact	1
generated	map	none	support	base:secretboxencryptionsecret2	base	exact	1
generated	map	none	support	base:token3	base	exact	1
generated	map	none	support	reg-auth@1#password	ref	exact	2
generated	map	none	support	reg-auth@1#username	ref	exact	2
generated	map	resolution-path	support	base:bootstraptoken1	base	exact	1
generated	map	resolution-path	support	base:key4	base	exact	1
generated	map	resolution-path	support	base:key5	base	exact	1
generated	map	resolution-path	support	base:key6	base	exact	1
generated	map	resolution-path	support	base:key7	base	exact	1
generated	map	resolution-path	support	base:key8	base	exact	1
generated	map	resolution-path	support	base:secret0	base	exact	1
generated	map	resolution-path	support	base:secretboxencryptionsecret2	base	exact	1
generated	map	resolution-path	support	base:token3	base	exact	1
generated	map	schema	diff	reg-auth@1#username	ref	exact	1
generated	map	schema	support	reg-auth@1#username	ref	exact	2
generated	map	composed-path	support	base:bootstraptoken1	base	exact	1
generated	map	composed-path	support	base:key4	base	exact	1
generated	map	composed-path	support	base:key5	base	exact	1
generated	map	composed-path	support	base:key6	base	exact	1
generated	map	composed-path	support	base:key7	base	exact	1
generated	map	composed-path	support	base:key8	base	exact	1
generated	map	composed-path	support	base:secret0	base	exact	1
generated	map	composed-path	support	base:secretboxencryptionsecret2	base	exact	1
generated	map	composed-path	support	base:token3	base	exact	1
generated	map-partial	none	diff	reg-auth@1#username	ref	exact	1
generated	map-partial	none	support	base:bootstraptoken1	base	exact	1
generated	map-partial	none	support	base:key4	base	exact	1
generated	map-partial	none	support	base:key5	base	exact	1
generated	map-partial	none	support	base:key6	base	exact	1
generated	map-partial	none	support	base:key7	base	exact	1
generated	map-partial	none	support	base:key8	base	exact	1
generated	map-partial	none	support	base:secret0	base	exact	1
generated	map-partial	none	support	base:secretboxencryptionsecret2	base	exact	1
generated	map-partial	none	support	base:token3	base	exact	1
generated	map-partial	none	support	reg-auth@1#password	ref	exact	1
generated	map-partial	none	support	reg-auth@1#username	ref	exact	2
generated	map-partial	resolution-path	support	base:bootstraptoken1	base	exact	1
generated	map-partial	resolution-path	support	base:key4	base	exact	1
generated	map-partial	resolution-path	support	base:key5	base	exact	1
generated	map-partial	resolution-path	support	base:key6	base	exact	1
generated	map-partial	resolution-path	support	base:key7	base	exact	1
generated	map-partial	resolution-path	support	base:key8	base	exact	1
generated	map-partial	resolution-path	support	base:secret0	base	exact	1
generated	map-partial	resolution-path	support	base:secretboxencryptionsecret2	base	exact	1
generated	map-partial	resolution-path	support	base:token3	base	exact	1
generated	map-partial	schema	diff	reg-auth@1#username	ref	exact	1
generated	map-partial	schema	support	reg-auth@1#username	ref	exact	2
generated	map-partial	composed-path	support	base:bootstraptoken1	base	exact	1
generated	map-partial	composed-path	support	base:key4	base	exact	1
generated	map-partial	composed-path	support	base:key5	base	exact	1
generated	map-partial	composed-path	support	base:key6	base	exact	1
generated	map-partial	composed-path	support	base:key7	base	exact	1
generated	map-partial	composed-path	support	base:key8	base	exact	1
generated	map-partial	composed-path	support	base:secret0	base	exact	1
generated	map-partial	composed-path	support	base:secretboxencryptionsecret2	base	exact	1
generated	map-partial	composed-path	support	base:token3	base	exact	1
generated	moved-r1	none	diff	reg-pass@1	ref	exact	1
generated	moved-r1	none	support	base:bootstraptoken1	base	exact	1
generated	moved-r1	none	support	base:key4	base	exact	1
generated	moved-r1	none	support	base:key5	base	exact	1
generated	moved-r1	none	support	base:key6	base	exact	1
generated	moved-r1	none	support	base:key7	base	exact	1
generated	moved-r1	none	support	base:key8	base	exact	1
generated	moved-r1	none	support	base:secret0	base	exact	1
generated	moved-r1	none	support	base:secretboxencryptionsecret2	base	exact	1
generated	moved-r1	none	support	base:token3	base	exact	1
generated	moved-r1	none	support	reg-pass@1	ref	exact	2
generated	moved-r1	resolution-path	support	base:bootstraptoken1	base	exact	1
generated	moved-r1	resolution-path	support	base:key4	base	exact	1
generated	moved-r1	resolution-path	support	base:key5	base	exact	1
generated	moved-r1	resolution-path	support	base:key6	base	exact	1
generated	moved-r1	resolution-path	support	base:key7	base	exact	1
generated	moved-r1	resolution-path	support	base:key8	base	exact	1
generated	moved-r1	resolution-path	support	base:secret0	base	exact	1
generated	moved-r1	resolution-path	support	base:secretboxencryptionsecret2	base	exact	1
generated	moved-r1	resolution-path	support	base:token3	base	exact	1
generated	moved-r1	composed-path	support	base:bootstraptoken1	base	exact	1
generated	moved-r1	composed-path	support	base:key4	base	exact	1
generated	moved-r1	composed-path	support	base:key5	base	exact	1
generated	moved-r1	composed-path	support	base:key6	base	exact	1
generated	moved-r1	composed-path	support	base:key7	base	exact	1
generated	moved-r1	composed-path	support	base:key8	base	exact	1
generated	moved-r1	composed-path	support	base:secret0	base	exact	1
generated	moved-r1	composed-path	support	base:secretboxencryptionsecret2	base	exact	1
generated	moved-r1	composed-path	support	base:token3	base	exact	1
generated	moved-r2	none	diff	reg-pass@1	ref	exact	1
generated	moved-r2	none	support	base:bootstraptoken1	base	exact	1
generated	moved-r2	none	support	base:key4	base	exact	1
generated	moved-r2	none	support	base:key5	base	exact	1
generated	moved-r2	none	support	base:key6	base	exact	1
generated	moved-r2	none	support	base:key7	base	exact	1
generated	moved-r2	none	support	base:key8	base	exact	1
generated	moved-r2	none	support	base:secret0	base	exact	1
generated	moved-r2	none	support	base:secretboxencryptionsecret2	base	exact	1
generated	moved-r2	none	support	base:token3	base	exact	1
generated	moved-r2	none	support	reg-pass@1	ref	exact	2
generated	moved-r2	resolution-path	support	base:bootstraptoken1	base	exact	1
generated	moved-r2	resolution-path	support	base:key4	base	exact	1
generated	moved-r2	resolution-path	support	base:key5	base	exact	1
generated	moved-r2	resolution-path	support	base:key6	base	exact	1
generated	moved-r2	resolution-path	support	base:key7	base	exact	1
generated	moved-r2	resolution-path	support	base:key8	base	exact	1
generated	moved-r2	resolution-path	support	base:secret0	base	exact	1
generated	moved-r2	resolution-path	support	base:secretboxencryptionsecret2	base	exact	1
generated	moved-r2	resolution-path	support	base:token3	base	exact	1
generated	moved-r2	composed-path	support	base:bootstraptoken1	base	exact	1
generated	moved-r2	composed-path	support	base:key4	base	exact	1
generated	moved-r2	composed-path	support	base:key5	base	exact	1
generated	moved-r2	composed-path	support	base:key6	base	exact	1
generated	moved-r2	composed-path	support	base:key7	base	exact	1
generated	moved-r2	composed-path	support	base:key8	base	exact	1
generated	moved-r2	composed-path	support	base:secret0	base	exact	1
generated	moved-r2	composed-path	support	base:secretboxencryptionsecret2	base	exact	1
generated	moved-r2	composed-path	support	base:token3	base	exact	1
generated	override-literal	none	support	base:bootstraptoken1	base	exact	1
generated	override-literal	none	support	base:key4	base	exact	1
generated	override-literal	none	support	base:key5	base	exact	1
generated	override-literal	none	support	base:key6	base	exact	1
generated	override-literal	none	support	base:key7	base	exact	1
generated	override-literal	none	support	base:key8	base	exact	1
generated	override-literal	none	support	base:secret0	base	exact	1
generated	override-literal	none	support	base:secretboxencryptionsecret2	base	exact	1
generated	override-literal	none	support	base:token3	base	exact	1
generated	override-literal	none	support	reg-pass@1	ref	exact	1
generated	override-literal	resolution-path	support	base:bootstraptoken1	base	exact	1
generated	override-literal	resolution-path	support	base:key4	base	exact	1
generated	override-literal	resolution-path	support	base:key5	base	exact	1
generated	override-literal	resolution-path	support	base:key6	base	exact	1
generated	override-literal	resolution-path	support	base:key7	base	exact	1
generated	override-literal	resolution-path	support	base:key8	base	exact	1
generated	override-literal	resolution-path	support	base:secret0	base	exact	1
generated	override-literal	resolution-path	support	base:secretboxencryptionsecret2	base	exact	1
generated	override-literal	resolution-path	support	base:token3	base	exact	1
generated	override-literal	composed-path	support	base:bootstraptoken1	base	exact	1
generated	override-literal	composed-path	support	base:key4	base	exact	1
generated	override-literal	composed-path	support	base:key5	base	exact	1
generated	override-literal	composed-path	support	base:key6	base	exact	1
generated	override-literal	composed-path	support	base:key7	base	exact	1
generated	override-literal	composed-path	support	base:key8	base	exact	1
generated	override-literal	composed-path	support	base:secret0	base	exact	1
generated	override-literal	composed-path	support	base:secretboxencryptionsecret2	base	exact	1
generated	override-literal	composed-path	support	base:token3	base	exact	1
generated	override-ref	none	diff	reg-pass@1	ref	exact	1
generated	override-ref	none	support	base:bootstraptoken1	base	exact	1
generated	override-ref	none	support	base:key4	base	exact	1
generated	override-ref	none	support	base:key5	base	exact	1
generated	override-ref	none	support	base:key6	base	exact	1
generated	override-ref	none	support	base:key7	base	exact	1
generated	override-ref	none	support	base:key8	base	exact	1
generated	override-ref	none	support	base:secret0	base	exact	1
generated	override-ref	none	support	base:secretboxencryptionsecret2	base	exact	1
generated	override-ref	none	support	base:token3	base	exact	1
generated	override-ref	none	support	reg-pass@1	ref	exact	2
generated	override-ref	resolution-path	support	base:bootstraptoken1	base	exact	1
generated	override-ref	resolution-path	support	base:key4	base	exact	1
generated	override-ref	resolution-path	support	base:key5	base	exact	1
generated	override-ref	resolution-path	support	base:key6	base	exact	1
generated	override-ref	resolution-path	support	base:key7	base	exact	1
generated	override-ref	resolution-path	support	base:key8	base	exact	1
generated	override-ref	resolution-path	support	base:secret0	base	exact	1
generated	override-ref	resolution-path	support	base:secretboxencryptionsecret2	base	exact	1
generated	override-ref	resolution-path	support	base:token3	base	exact	1
generated	override-ref	composed-path	support	base:bootstraptoken1	base	exact	1
generated	override-ref	composed-path	support	base:key4	base	exact	1
generated	override-ref	composed-path	support	base:key5	base	exact	1
generated	override-ref	composed-path	support	base:key6	base	exact	1
generated	override-ref	composed-path	support	base:key7	base	exact	1
generated	override-ref	composed-path	support	base:key8	base	exact	1
generated	override-ref	composed-path	support	base:secret0	base	exact	1
generated	override-ref	composed-path	support	base:secretboxencryptionsecret2	base	exact	1
generated	override-ref	composed-path	support	base:token3	base	exact	1
generated	ref-over-ref	none	diff	pass-b@1	ref	exact	1
generated	ref-over-ref	none	support	base:bootstraptoken1	base	exact	1
generated	ref-over-ref	none	support	base:key4	base	exact	1
generated	ref-over-ref	none	support	base:key5	base	exact	1
generated	ref-over-ref	none	support	base:key6	base	exact	1
generated	ref-over-ref	none	support	base:key7	base	exact	1
generated	ref-over-ref	none	support	base:key8	base	exact	1
generated	ref-over-ref	none	support	base:secret0	base	exact	1
generated	ref-over-ref	none	support	base:secretboxencryptionsecret2	base	exact	1
generated	ref-over-ref	none	support	base:token3	base	exact	1
generated	ref-over-ref	none	support	pass-a@1	ref	exact	1
generated	ref-over-ref	none	support	pass-b@1	ref	exact	2
generated	ref-over-ref	resolution-path	support	base:bootstraptoken1	base	exact	1
generated	ref-over-ref	resolution-path	support	base:key4	base	exact	1
generated	ref-over-ref	resolution-path	support	base:key5	base	exact	1
generated	ref-over-ref	resolution-path	support	base:key6	base	exact	1
generated	ref-over-ref	resolution-path	support	base:key7	base	exact	1
generated	ref-over-ref	resolution-path	support	base:key8	base	exact	1
generated	ref-over-ref	resolution-path	support	base:secret0	base	exact	1
generated	ref-over-ref	resolution-path	support	base:secretboxencryptionsecret2	base	exact	1
generated	ref-over-ref	resolution-path	support	base:token3	base	exact	1
generated	ref-over-ref	composed-path	support	base:bootstraptoken1	base	exact	1
generated	ref-over-ref	composed-path	support	base:key4	base	exact	1
generated	ref-over-ref	composed-path	support	base:key5	base	exact	1
generated	ref-over-ref	composed-path	support	base:key6	base	exact	1
generated	ref-over-ref	composed-path	support	base:key7	base	exact	1
generated	ref-over-ref	composed-path	support	base:key8	base	exact	1
generated	ref-over-ref	composed-path	support	base:secret0	base	exact	1
generated	ref-over-ref	composed-path	support	base:secretboxencryptionsecret2	base	exact	1
generated	ref-over-ref	composed-path	support	base:token3	base	exact	1
generated	rotate-r1	none	diff	reg-pass@1	ref	exact	1
generated	rotate-r1	none	support	base:bootstraptoken1	base	exact	1
generated	rotate-r1	none	support	base:key4	base	exact	1
generated	rotate-r1	none	support	base:key5	base	exact	1
generated	rotate-r1	none	support	base:key6	base	exact	1
generated	rotate-r1	none	support	base:key7	base	exact	1
generated	rotate-r1	none	support	base:key8	base	exact	1
generated	rotate-r1	none	support	base:secret0	base	exact	1
generated	rotate-r1	none	support	base:secretboxencryptionsecret2	base	exact	1
generated	rotate-r1	none	support	base:token3	base	exact	1
generated	rotate-r1	none	support	reg-pass@1	ref	exact	2
generated	rotate-r1	resolution-path	support	base:bootstraptoken1	base	exact	1
generated	rotate-r1	resolution-path	support	base:key4	base	exact	1
generated	rotate-r1	resolution-path	support	base:key5	base	exact	1
generated	rotate-r1	resolution-path	support	base:key6	base	exact	1
generated	rotate-r1	resolution-path	support	base:key7	base	exact	1
generated	rotate-r1	resolution-path	support	base:key8	base	exact	1
generated	rotate-r1	resolution-path	support	base:secret0	base	exact	1
generated	rotate-r1	resolution-path	support	base:secretboxencryptionsecret2	base	exact	1
generated	rotate-r1	resolution-path	support	base:token3	base	exact	1
generated	rotate-r1	composed-path	support	base:bootstraptoken1	base	exact	1
generated	rotate-r1	composed-path	support	base:key4	base	exact	1
generated	rotate-r1	composed-path	support	base:key5	base	exact	1
generated	rotate-r1	composed-path	support	base:key6	base	exact	1
generated	rotate-r1	composed-path	support	base:key7	base	exact	1
generated	rotate-r1	composed-path	support	base:key8	base	exact	1
generated	rotate-r1	composed-path	support	base:secret0	base	exact	1
generated	rotate-r1	composed-path	support	base:secretboxencryptionsecret2	base	exact	1
generated	rotate-r1	composed-path	support	base:token3	base	exact	1
generated	rotate-r2	none	diff	reg-pass@2	ref	exact	1
generated	rotate-r2	none	support	base:bootstraptoken1	base	exact	1
generated	rotate-r2	none	support	base:key4	base	exact	1
generated	rotate-r2	none	support	base:key5	base	exact	1
generated	rotate-r2	none	support	base:key6	base	exact	1
generated	rotate-r2	none	support	base:key7	base	exact	1
generated	rotate-r2	none	support	base:key8	base	exact	1
generated	rotate-r2	none	support	base:secret0	base	exact	1
generated	rotate-r2	none	support	base:secretboxencryptionsecret2	base	exact	1
generated	rotate-r2	none	support	base:token3	base	exact	1
generated	rotate-r2	none	support	reg-pass@2	ref	exact	2
generated	rotate-r2	resolution-path	support	base:bootstraptoken1	base	exact	1
generated	rotate-r2	resolution-path	support	base:key4	base	exact	1
generated	rotate-r2	resolution-path	support	base:key5	base	exact	1
generated	rotate-r2	resolution-path	support	base:key6	base	exact	1
generated	rotate-r2	resolution-path	support	base:key7	base	exact	1
generated	rotate-r2	resolution-path	support	base:key8	base	exact	1
generated	rotate-r2	resolution-path	support	base:secret0	base	exact	1
generated	rotate-r2	resolution-path	support	base:secretboxencryptionsecret2	base	exact	1
generated	rotate-r2	resolution-path	support	base:token3	base	exact	1
generated	rotate-r2	composed-path	support	base:bootstraptoken1	base	exact	1
generated	rotate-r2	composed-path	support	base:key4	base	exact	1
generated	rotate-r2	composed-path	support	base:key5	base	exact	1
generated	rotate-r2	composed-path	support	base:key6	base	exact	1
generated	rotate-r2	composed-path	support	base:key7	base	exact	1
generated	rotate-r2	composed-path	support	base:key8	base	exact	1
generated	rotate-r2	composed-path	support	base:secret0	base	exact	1
generated	rotate-r2	composed-path	support	base:secretboxencryptionsecret2	base	exact	1
generated	rotate-r2	composed-path	support	base:token3	base	exact	1
generated	string	none	diff	reg-pass@1	ref	exact	1
generated	string	none	support	base:bootstraptoken1	base	exact	1
generated	string	none	support	base:key4	base	exact	1
generated	string	none	support	base:key5	base	exact	1
generated	string	none	support	base:key6	base	exact	1
generated	string	none	support	base:key7	base	exact	1
generated	string	none	support	base:key8	base	exact	1
generated	string	none	support	base:secret0	base	exact	1
generated	string	none	support	base:secretboxencryptionsecret2	base	exact	1
generated	string	none	support	base:token3	base	exact	1
generated	string	none	support	reg-pass@1	ref	exact	2
generated	string	resolution-path	support	base:bootstraptoken1	base	exact	1
generated	string	resolution-path	support	base:key4	base	exact	1
generated	string	resolution-path	support	base:key5	base	exact	1
generated	string	resolution-path	support	base:key6	base	exact	1
generated	string	resolution-path	support	base:key7	base	exact	1
generated	string	resolution-path	support	base:key8	base	exact	1
generated	string	resolution-path	support	base:secret0	base	exact	1
generated	string	resolution-path	support	base:secretboxencryptionsecret2	base	exact	1
generated	string	resolution-path	support	base:token3	base	exact	1
generated	string	composed-path	support	base:bootstraptoken1	base	exact	1
generated	string	composed-path	support	base:key4	base	exact	1
generated	string	composed-path	support	base:key5	base	exact	1
generated	string	composed-path	support	base:key6	base	exact	1
generated	string	composed-path	support	base:key7	base	exact	1
generated	string	composed-path	support	base:key8	base	exact	1
generated	string	composed-path	support	base:secret0	base	exact	1
generated	string	composed-path	support	base:secretboxencryptionsecret2	base	exact	1
generated	string	composed-path	support	base:token3	base	exact	1
generated	type-mismatch	none	errors	prism-port@1	ref	prefix	1
generated	type-mismatch	none	log	prism-port@1	ref	prefix	1
generated	type-mismatch	none	support	prism-port@1	ref	exact	1
generated	type-mismatch	none	support	prism-port@1	ref	prefix	2
generated	type-mismatch	value	errors	prism-port@1	ref	prefix	1
generated	type-mismatch	value	log	prism-port@1	ref	prefix	1
generated	type-mismatch	value	support	prism-port@1	ref	prefix	2
generated	type-mismatch	resolution-path	errors	prism-port@1	ref	prefix	1
generated	type-mismatch	resolution-path	log	prism-port@1	ref	prefix	1
generated	type-mismatch	resolution-path	support	prism-port@1	ref	prefix	2
generated	type-mismatch	schema	errors	prism-port@1	ref	prefix	1
generated	type-mismatch	schema	log	prism-port@1	ref	prefix	1
generated	type-mismatch	schema	support	prism-port@1	ref	exact	1
generated	type-mismatch	schema	support	prism-port@1	ref	prefix	2
generated	type-mismatch-two	none	errors	api-port@1	ref	exact	1
generated	type-mismatch-two	none	errors	prism-port@1	ref	prefix	1
generated	type-mismatch-two	none	log	api-port@1	ref	exact	1
generated	type-mismatch-two	none	log	prism-port@1	ref	prefix	1
generated	type-mismatch-two	none	support	api-port@1	ref	exact	3
generated	type-mismatch-two	none	support	prism-port@1	ref	exact	1
generated	type-mismatch-two	none	support	prism-port@1	ref	prefix	2
generated	type-mismatch-two	value	errors	prism-port@1	ref	prefix	1
generated	type-mismatch-two	value	log	prism-port@1	ref	prefix	1
generated	type-mismatch-two	value	support	prism-port@1	ref	prefix	2
generated	type-mismatch-two	resolution-path	errors	api-port@1	ref	exact	1
generated	type-mismatch-two	resolution-path	errors	prism-port@1	ref	prefix	1
generated	type-mismatch-two	resolution-path	log	api-port@1	ref	exact	1
generated	type-mismatch-two	resolution-path	log	prism-port@1	ref	prefix	1
generated	type-mismatch-two	resolution-path	support	api-port@1	ref	exact	2
generated	type-mismatch-two	resolution-path	support	prism-port@1	ref	prefix	2
generated	type-mismatch-two	schema	errors	api-port@1	ref	exact	1
generated	type-mismatch-two	schema	errors	prism-port@1	ref	prefix	1
generated	type-mismatch-two	schema	log	api-port@1	ref	exact	1
generated	type-mismatch-two	schema	log	prism-port@1	ref	prefix	1
generated	type-mismatch-two	schema	support	api-port@1	ref	exact	3
generated	type-mismatch-two	schema	support	prism-port@1	ref	exact	1
generated	type-mismatch-two	schema	support	prism-port@1	ref	prefix	2
generated	unidentified-embedded	none	diff	base:key4	base	exact	1
generated	unidentified-embedded	none	support	base:bootstraptoken1	base	exact	1
generated	unidentified-embedded	none	support	base:key4	base	exact	1
generated	unidentified-embedded	none	support	base:key5	base	exact	1
generated	unidentified-embedded	none	support	base:key6	base	exact	1
generated	unidentified-embedded	none	support	base:key7	base	exact	1
generated	unidentified-embedded	none	support	base:key8	base	exact	1
generated	unidentified-embedded	none	support	base:secret0	base	exact	1
generated	unidentified-embedded	none	support	base:secretboxencryptionsecret2	base	exact	1
generated	unidentified-embedded	none	support	base:token3	base	exact	1
generated	unidentified-embedded	resolution-path	diff	base:key4	base	exact	1
generated	unidentified-embedded	resolution-path	support	base:bootstraptoken1	base	exact	1
generated	unidentified-embedded	resolution-path	support	base:key4	base	exact	1
generated	unidentified-embedded	resolution-path	support	base:key5	base	exact	1
generated	unidentified-embedded	resolution-path	support	base:key6	base	exact	1
generated	unidentified-embedded	resolution-path	support	base:key7	base	exact	1
generated	unidentified-embedded	resolution-path	support	base:key8	base	exact	1
generated	unidentified-embedded	resolution-path	support	base:secret0	base	exact	1
generated	unidentified-embedded	resolution-path	support	base:secretboxencryptionsecret2	base	exact	1
generated	unidentified-embedded	resolution-path	support	base:token3	base	exact	1
generated	unidentified-embedded	composed-path	diff	base:key4	base	exact	1
generated	unidentified-embedded	composed-path	support	base:bootstraptoken1	base	exact	1
generated	unidentified-embedded	composed-path	support	base:key4	base	exact	1
generated	unidentified-embedded	composed-path	support	base:key5	base	exact	1
generated	unidentified-embedded	composed-path	support	base:key6	base	exact	1
generated	unidentified-embedded	composed-path	support	base:key7	base	exact	1
generated	unidentified-embedded	composed-path	support	base:key8	base	exact	1
generated	unidentified-embedded	composed-path	support	base:secret0	base	exact	1
generated	unidentified-embedded	composed-path	support	base:secretboxencryptionsecret2	base	exact	1
generated	unidentified-embedded	composed-path	support	base:token3	base	exact	1
generated	whole-content	none	diff	script@1	ref	line	3
generated	whole-content	none	support	base:bootstraptoken1	base	exact	1
generated	whole-content	none	support	base:key4	base	exact	1
generated	whole-content	none	support	base:key5	base	exact	1
generated	whole-content	none	support	base:key6	base	exact	1
generated	whole-content	none	support	base:key7	base	exact	1
generated	whole-content	none	support	base:key8	base	exact	1
generated	whole-content	none	support	base:secret0	base	exact	1
generated	whole-content	none	support	base:secretboxencryptionsecret2	base	exact	1
generated	whole-content	none	support	base:token3	base	exact	1
generated	whole-content	none	support	script@1	ref	line	6
generated	whole-content	resolution-path	support	base:bootstraptoken1	base	exact	1
generated	whole-content	resolution-path	support	base:key4	base	exact	1
generated	whole-content	resolution-path	support	base:key5	base	exact	1
generated	whole-content	resolution-path	support	base:key6	base	exact	1
generated	whole-content	resolution-path	support	base:key7	base	exact	1
generated	whole-content	resolution-path	support	base:key8	base	exact	1
generated	whole-content	resolution-path	support	base:secret0	base	exact	1
generated	whole-content	resolution-path	support	base:secretboxencryptionsecret2	base	exact	1
generated	whole-content	resolution-path	support	base:token3	base	exact	1
generated	whole-content	schema	diff	script@1	ref	line	3
generated	whole-content	schema	support	script@1	ref	line	6
generated	whole-content	composed-path	support	base:bootstraptoken1	base	exact	1
generated	whole-content	composed-path	support	base:key4	base	exact	1
generated	whole-content	composed-path	support	base:key5	base	exact	1
generated	whole-content	composed-path	support	base:key6	base	exact	1
generated	whole-content	composed-path	support	base:key7	base	exact	1
generated	whole-content	composed-path	support	base:key8	base	exact	1
generated	whole-content	composed-path	support	base:secret0	base	exact	1
generated	whole-content	composed-path	support	base:secretboxencryptionsecret2	base	exact	1
generated	whole-content	composed-path	support	base:token3	base	exact	1
generated	yaml-escape	none	diff	reg-pass@1	ref	yaml-escaped	1
generated	yaml-escape	none	support	base:bootstraptoken1	base	exact	1
generated	yaml-escape	none	support	base:key4	base	exact	1
generated	yaml-escape	none	support	base:key5	base	exact	1
generated	yaml-escape	none	support	base:key6	base	exact	1
generated	yaml-escape	none	support	base:key7	base	exact	1
generated	yaml-escape	none	support	base:key8	base	exact	1
generated	yaml-escape	none	support	base:secret0	base	exact	1
generated	yaml-escape	none	support	base:secretboxencryptionsecret2	base	exact	1
generated	yaml-escape	none	support	base:token3	base	exact	1
generated	yaml-escape	none	support	reg-pass@1	ref	yaml-escaped	2
generated	yaml-escape	value	diff	reg-pass@1	ref	yaml-escaped	1
generated	yaml-escape	value	support	reg-pass@1	ref	yaml-escaped	2
generated	yaml-escape	resolution-path	support	base:bootstraptoken1	base	exact	1
generated	yaml-escape	resolution-path	support	base:key4	base	exact	1
generated	yaml-escape	resolution-path	support	base:key5	base	exact	1
generated	yaml-escape	resolution-path	support	base:key6	base	exact	1
generated	yaml-escape	resolution-path	support	base:key7	base	exact	1
generated	yaml-escape	resolution-path	support	base:key8	base	exact	1
generated	yaml-escape	resolution-path	support	base:secret0	base	exact	1
generated	yaml-escape	resolution-path	support	base:secretboxencryptionsecret2	base	exact	1
generated	yaml-escape	resolution-path	support	base:token3	base	exact	1
generated	yaml-escape	composed-path	support	base:bootstraptoken1	base	exact	1
generated	yaml-escape	composed-path	support	base:key4	base	exact	1
generated	yaml-escape	composed-path	support	base:key5	base	exact	1
generated	yaml-escape	composed-path	support	base:key6	base	exact	1
generated	yaml-escape	composed-path	support	base:key7	base	exact	1
generated	yaml-escape	composed-path	support	base:key8	base	exact	1
generated	yaml-escape	composed-path	support	base:secret0	base	exact	1
generated	yaml-escape	composed-path	support	base:secretboxencryptionsecret2	base	exact	1
generated	yaml-escape	composed-path	support	base:token3	base	exact	1
